# Blender v3.1.2 OBJ File: ''
# www.blender.org
mtllib Хуеган2.mtl
o Cube
v 2.393920 0.500000 -0.500000
v 2.393920 -0.500000 -0.500000
v 2.500184 0.606264 1.161516
v 2.500184 -0.606264 1.161516
v 1.393919 0.500000 -0.500000
v 1.393919 -0.500000 -0.500000
v 1.287655 0.606264 1.161516
v 1.287655 -0.606264 1.161516
v 2.258574 0.364654 3.524123
v 2.258574 -0.364654 3.524123
v 1.529265 0.364654 3.524123
v 1.529265 -0.364654 3.524123
v 2.222133 0.328213 4.222424
v 2.222132 -0.328213 4.222424
v 1.565707 0.328213 4.222425
v 1.565707 -0.328213 4.222424
v 2.317976 0.424056 4.336620
v 2.317976 -0.424056 4.336620
v 1.469864 0.424056 4.336621
v 1.469864 -0.424056 4.336620
v 2.310212 0.416292 4.540073
v 2.310211 -0.416292 4.540073
v 1.477628 0.416292 4.540072
v 1.477628 -0.416292 4.540072
v 2.183311 0.289391 4.650331
v 2.183311 -0.289391 4.650331
v 1.604529 0.289391 4.650331
v 1.604529 -0.289391 4.650331
v 2.182370 0.288450 4.820969
v 2.182370 -0.288450 4.820969
v 1.605469 0.288450 4.820969
v 1.605469 -0.288450 4.820969
v 2.305508 0.411588 4.931228
v 2.305508 -0.411588 4.931228
v 1.482332 0.411588 4.931227
v 1.482332 -0.411588 4.931227
v 2.296147 0.402227 5.172745
v 2.296147 -0.402227 5.172745
v 1.491692 0.402227 5.172744
v 1.491692 -0.402227 5.172745
v 2.135566 0.241646 5.015234
v 2.135566 -0.241646 5.015234
v 1.652273 0.241646 5.015233
v 1.652273 -0.241646 5.015233
v 2.162040 0.268121 3.612068
v 2.162040 -0.268121 3.612068
v 1.625799 0.268121 3.612068
v 1.625799 -0.268121 3.612068
v 2.428520 0.534600 1.095820
v 2.428520 -0.534600 1.095820
v 1.359319 0.534600 1.095820
v 1.359319 -0.534600 1.095820
v 2.344835 0.450915 -0.449106
v 2.344835 -0.450915 -0.449106
v 1.443004 0.450915 -0.449106
v 1.443004 -0.450915 -0.449106
v 1.318362 -0.575558 -0.286217
v 1.263353 -0.630567 0.083461
v 1.256304 -0.637616 0.576048
v 2.190569 -0.572933 -0.572933
v 1.893920 -0.609568 -0.609568
v 1.597270 -0.572933 -0.572933
v 2.466853 0.296650 -0.572933
v 2.503488 0.000000 -0.609568
v 2.466852 -0.296650 -0.572933
v 1.117144 -0.331551 1.161516
v 1.060306 -0.000000 1.161516
v 1.117144 0.331551 1.161516
v 2.670696 0.331551 1.161516
v 2.727533 0.000000 1.161516
v 2.670696 -0.331551 1.161516
v 1.320987 0.296650 -0.572933
v 1.284352 -0.000000 -0.609568
v 1.320987 -0.296650 -0.572933
v 2.225470 0.776776 1.161516
v 1.893920 0.833613 1.161516
v 1.562369 0.776776 1.161516
v 2.469477 0.575558 -0.286217
v 2.524487 0.630567 0.083461
v 2.531536 0.637616 0.576048
v 1.562369 -0.776776 1.161516
v 1.893920 -0.833613 1.161516
v 2.225471 -0.776776 1.161516
v 1.256304 0.637616 0.576048
v 1.263353 0.630567 0.083461
v 1.318362 0.575558 -0.286217
v 1.597270 0.572933 -0.572933
v 1.893920 0.609568 -0.609568
v 2.190570 0.572933 -0.572933
v 2.531536 -0.637616 0.576048
v 2.524487 -0.630567 0.083461
v 2.469477 -0.575558 -0.286217
v 1.426706 -0.199420 3.524123
v 1.392520 0.000000 3.524123
v 1.426706 0.199420 3.524123
v 2.361133 0.199420 3.524123
v 2.395320 0.000000 3.524123
v 2.361133 -0.199420 3.524123
v 2.093340 0.467214 3.524123
v 1.893919 0.501400 3.524123
v 1.694499 0.467214 3.524123
v 1.694499 -0.467214 3.524123
v 1.893920 -0.501400 3.524123
v 2.093340 -0.467214 3.524123
v 1.342395 -0.551525 1.803460
v 1.408460 -0.485459 2.449115
v 1.474525 -0.419394 3.041622
v 1.474525 0.419394 3.041622
v 1.408460 0.485459 2.449115
v 1.342395 0.551524 1.803460
v 2.445444 -0.551525 1.803460
v 2.379379 -0.485459 2.449115
v 2.313314 -0.419394 3.041622
v 2.313314 0.419394 3.041622
v 2.379379 0.485459 2.449115
v 2.445444 0.551525 1.803460
v 1.473397 -0.179491 4.222425
v 1.442627 0.000000 4.222425
v 1.473397 0.179491 4.222425
v 2.314442 0.179491 4.222424
v 2.345212 0.000000 4.222425
v 2.314442 -0.179491 4.222425
v 2.073411 0.420523 4.222424
v 1.893920 0.451293 4.222425
v 1.714428 0.420523 4.222425
v 1.714428 -0.420523 4.222425
v 1.893920 -0.451293 4.222424
v 2.073411 -0.420523 4.222424
v 1.563811 0.330109 3.855472
v 1.579122 0.314797 4.057365
v 1.578615 0.315304 4.167213
v 2.209224 0.315304 4.167213
v 2.208717 0.314797 4.057365
v 2.224028 0.330109 3.855472
v 1.563811 -0.330109 3.855472
v 1.579122 -0.314797 4.057365
v 1.578615 -0.315304 4.167213
v 2.224028 -0.330109 3.855472
v 2.208717 -0.314797 4.057365
v 2.209224 -0.315304 4.167213
v 1.350598 -0.231906 4.336621
v 1.310842 0.000000 4.336620
v 1.350598 0.231906 4.336620
v 2.437242 0.231906 4.336620
v 2.476997 0.000000 4.336621
v 2.437242 -0.231906 4.336620
v 2.125826 0.543322 4.336620
v 1.893919 0.583077 4.336620
v 1.662014 0.543322 4.336621
v 1.662014 -0.543322 4.336620
v 1.893920 -0.583077 4.336620
v 2.125825 -0.543322 4.336620
v 2.243847 -0.349927 4.255588
v 2.270054 -0.376134 4.280014
v 2.296261 -0.402342 4.304194
v 1.491578 -0.402342 4.304195
v 1.517785 -0.376134 4.280015
v 1.543992 -0.349927 4.255588
v 2.243847 0.349927 4.255589
v 2.270054 0.376135 4.280015
v 2.296261 0.402342 4.304194
v 1.543992 0.349927 4.255588
v 1.517785 0.376134 4.280015
v 1.491578 0.402342 4.304195
v 1.360546 -0.227660 4.540072
v 1.321519 0.000000 4.540073
v 1.360546 0.227660 4.540073
v 2.427293 0.227660 4.540073
v 2.466321 0.000000 4.540073
v 2.427294 -0.227660 4.540073
v 2.121579 0.533374 4.540073
v 1.893920 0.572401 4.540072
v 1.666260 0.533374 4.540072
v 1.666260 -0.533374 4.540073
v 1.893920 -0.572401 4.540073
v 2.121579 -0.533374 4.540073
v 1.456507 0.437413 4.382992
v 1.452863 0.441056 4.437854
v 1.459661 0.434258 4.492963
v 2.328178 0.434258 4.492963
v 2.334976 0.441056 4.437854
v 2.331332 0.437413 4.382993
v 1.456507 -0.437413 4.382992
v 1.452863 -0.441056 4.437854
v 1.459661 -0.434258 4.492963
v 2.331333 -0.437413 4.382993
v 2.334976 -0.441056 4.437854
v 2.328178 -0.434258 4.492963
v 1.523138 -0.158261 4.650331
v 1.496007 0.000000 4.650331
v 1.523137 0.158261 4.650331
v 2.264702 0.158261 4.650331
v 2.291832 0.000000 4.650331
v 2.264701 -0.158261 4.650331
v 2.052180 0.370782 4.650331
v 1.893920 0.397912 4.650331
v 1.735659 0.370782 4.650331
v 1.735659 -0.370782 4.650331
v 1.893920 -0.397912 4.650331
v 2.052180 -0.370782 4.650331
v 1.506379 -0.387541 4.573545
v 1.541078 -0.352841 4.598155
v 1.575778 -0.318142 4.621290
v 1.575778 0.318142 4.621290
v 1.541078 0.352841 4.598155
v 1.506379 0.387541 4.573545
v 2.281461 -0.387541 4.573545
v 2.246761 -0.352841 4.598155
v 2.212061 -0.318142 4.621291
v 2.281460 0.387541 4.573545
v 2.246761 0.352841 4.598155
v 2.212061 0.318142 4.621290
v 1.524343 -0.157746 4.820969
v 1.497301 0.000000 4.820968
v 1.524343 0.157746 4.820968
v 2.263496 0.157746 4.820969
v 2.290539 0.000000 4.820969
v 2.263496 -0.157746 4.820969
v 2.051666 0.369577 4.820969
v 1.893920 0.396619 4.820968
v 1.736174 0.369577 4.820969
v 1.736173 -0.369577 4.820968
v 1.893920 -0.396619 4.820969
v 2.051666 -0.369577 4.820969
v 2.165450 -0.271531 4.690284
v 2.159399 -0.265479 4.736634
v 2.165068 -0.271149 4.782493
v 1.622771 -0.271149 4.782493
v 1.628440 -0.265479 4.736634
v 1.622389 -0.271531 4.690283
v 2.165450 0.271531 4.690283
v 2.159399 0.265479 4.736634
v 2.165068 0.271149 4.782494
v 1.622389 0.271531 4.690283
v 1.628440 0.265479 4.736634
v 1.622771 0.271149 4.782493
v 1.366572 -0.225087 4.931226
v 1.327986 -0.000000 4.931227
v 1.366572 0.225087 4.931227
v 2.421267 0.225087 4.931227
v 2.459854 -0.000000 4.931227
v 2.421267 -0.225087 4.931227
v 2.119007 0.527347 4.931226
v 1.893920 0.565934 4.931227
v 1.668832 0.527347 4.931226
v 1.668832 -0.527347 4.931227
v 1.893920 -0.565934 4.931228
v 2.119007 -0.527347 4.931226
v 1.577571 0.316349 4.847794
v 1.543900 0.350019 4.869206
v 1.510230 0.383690 4.894064
v 2.277609 0.383690 4.894064
v 2.243939 0.350019 4.869207
v 2.210268 0.316349 4.847795
v 1.577571 -0.316349 4.847794
v 1.543900 -0.350019 4.869206
v 1.510230 -0.383690 4.894064
v 2.210268 -0.316349 4.847795
v 2.243939 -0.350019 4.869207
v 2.277609 -0.383690 4.894064
v 1.378566 -0.219968 5.172745
v 1.340857 -0.000000 5.172745
v 1.378566 0.219968 5.172745
v 2.409274 0.219968 5.172745
v 2.446982 -0.000000 5.172745
v 2.409274 -0.219968 5.172745
v 2.113888 0.515354 5.172745
v 1.893919 0.553063 5.172745
v 1.673952 0.515354 5.172745
v 1.673952 -0.515354 5.172745
v 1.893920 -0.553063 5.172745
v 2.113888 -0.515354 5.172745
v 2.322678 -0.428758 4.986315
v 2.327426 -0.433506 5.051986
v 2.318875 -0.424955 5.117657
v 1.468964 -0.424955 5.117657
v 1.460413 -0.433506 5.051986
v 1.465161 -0.428758 4.986315
v 2.322678 0.428758 4.986315
v 2.327426 0.433506 5.051986
v 2.318875 0.424955 5.117657
v 1.465162 0.428758 4.986315
v 1.460413 0.433506 5.051986
v 1.468964 0.424955 5.117657
v 1.584310 -0.132150 5.015233
v 1.561656 -0.000000 5.015233
v 1.584310 0.132150 5.015233
v 2.203529 0.132150 5.015233
v 2.226183 -0.000000 5.015233
v 2.203529 -0.132150 5.015233
v 2.026070 0.309609 5.015234
v 1.893919 0.332264 5.015233
v 1.761769 0.309609 5.015233
v 1.761769 -0.309609 5.015233
v 1.893920 -0.332264 5.015234
v 2.026070 -0.309609 5.015234
v 2.259766 0.365846 5.205724
v 2.215857 0.321937 5.201294
v 2.171948 0.278028 5.143211
v 2.171948 -0.278028 5.143211
v 2.215856 -0.321937 5.201294
v 2.259765 -0.365846 5.205724
v 1.528074 0.365846 5.205724
v 1.571983 0.321937 5.201293
v 1.615892 0.278028 5.143212
v 1.528074 -0.365846 5.205724
v 1.571983 -0.321937 5.201293
v 1.615892 -0.278028 5.143212
v 1.550390 -0.146629 3.612068
v 1.525253 0.000000 3.612068
v 1.550390 0.146629 3.612068
v 2.237449 0.146629 3.612068
v 2.262586 0.000000 3.612068
v 2.237449 -0.146629 3.612068
v 2.040548 0.343530 3.612067
v 1.893920 0.368666 3.612068
v 1.747291 0.343530 3.612068
v 1.747291 -0.343530 3.612068
v 1.893920 -0.368666 3.612068
v 2.040548 -0.343530 3.612067
v 1.674441 0.219478 4.803188
v 1.679073 0.214847 4.501187
v 1.663686 0.230234 4.105420
v 2.124153 0.230234 4.105420
v 2.108766 0.214847 4.501187
v 2.113398 0.219478 4.803188
v 1.674441 -0.219478 4.803187
v 1.679073 -0.214847 4.501187
v 1.663686 -0.230234 4.105420
v 2.113398 -0.219478 4.803188
v 2.108767 -0.214847 4.501187
v 2.124153 -0.230234 4.105420
v 1.208963 -0.292360 1.095820
v 1.158844 -0.000000 1.095820
v 1.208963 0.292360 1.095820
v 2.578876 0.292360 1.095820
v 2.628995 0.000000 1.095820
v 2.578876 -0.292360 1.095820
v 2.186280 0.684957 1.095820
v 1.893920 0.735075 1.095820
v 1.601560 0.684957 1.095820
v 1.601560 -0.684957 1.095820
v 1.893920 -0.735075 1.095820
v 2.186279 -0.684957 1.095820
v 2.222415 -0.328495 3.025275
v 2.295280 -0.401361 2.381016
v 2.368146 -0.474226 1.723221
v 1.419693 -0.474226 1.723221
v 1.492559 -0.401361 2.381017
v 1.565424 -0.328495 3.025275
v 2.222415 0.328495 3.025275
v 2.295280 0.401361 2.381016
v 2.368146 0.474226 1.723221
v 1.565424 0.328495 3.025275
v 1.492559 0.401361 2.381017
v 1.419693 0.474226 1.723221
v 1.377232 -0.267528 -0.514586
v 1.344193 0.000000 -0.547477
v 1.377232 0.267528 -0.514586
v 2.410608 0.267528 -0.514586
v 2.443647 -0.000000 -0.547478
v 2.410608 -0.267528 -0.514586
v 2.161448 0.516688 -0.514586
v 1.893920 0.549727 -0.547478
v 1.626392 0.516688 -0.514586
v 1.626392 -0.516688 -0.514586
v 1.893920 -0.549727 -0.547478
v 2.161448 -0.516688 -0.514586
v 1.324023 0.569897 0.539428
v 1.326774 0.567146 0.081384
v 1.375054 0.518865 -0.256337
v 2.412786 0.518865 -0.256337
v 2.461066 0.567146 0.081384
v 2.463816 0.569897 0.539428
v 1.324023 -0.569897 0.539428
v 1.326774 -0.567146 0.081384
v 1.375054 -0.518865 -0.256337
v 2.463816 -0.569897 0.539428
v 2.461066 -0.567146 0.081384
v 2.412786 -0.518865 -0.256337
v 2.211526 0.732302 -0.306400
v 1.893920 0.785354 -0.324058
v 1.576313 0.732302 -0.306400
v 2.238653 0.808324 0.078060
v 1.893920 0.867705 0.072659
v 1.549187 0.808324 0.078060
v 2.242602 0.816996 0.575373
v 1.893920 0.876806 0.574698
v 1.545237 0.816997 0.575373
v 1.187279 0.301615 1.803460
v 1.135573 -0.000000 1.803460
v 1.187279 -0.301615 1.803460
v 1.271925 0.265486 2.449115
v 1.226413 -0.000000 2.449115
v 1.271925 -0.265486 2.449115
v 1.356571 0.229356 3.041622
v 1.317253 0.000000 3.041622
v 1.356571 -0.229356 3.041622
v 1.076923 -0.348683 0.575373
v 1.017114 0.000000 0.574698
v 1.076923 0.348683 0.575373
v 1.085596 -0.344733 0.078060
v 1.026215 0.000000 0.072659
v 1.085596 0.344733 0.078060
v 1.161618 -0.317606 -0.306400
v 1.108566 0.000000 -0.324058
v 1.161618 0.317606 -0.306400
v 1.576313 -0.732302 -0.306400
v 1.893920 -0.785354 -0.324058
v 2.211526 -0.732302 -0.306400
v 1.549187 -0.808324 0.078060
v 1.893920 -0.867705 0.072659
v 2.238653 -0.808324 0.078060
v 1.545237 -0.816996 0.575373
v 1.893920 -0.876806 0.574698
v 2.242602 -0.816996 0.575373
v 2.626221 -0.317606 -0.306400
v 2.679273 -0.000000 -0.324058
v 2.626221 0.317606 -0.306400
v 2.702244 -0.344733 0.078060
v 2.761625 0.000000 0.072659
v 2.702244 0.344733 0.078060
v 2.710917 -0.348683 0.575373
v 2.770726 0.000000 0.574698
v 2.710916 0.348683 0.575373
v 1.577762 -0.316157 -0.728990
v 1.560779 -0.000000 -0.781829
v 1.577762 0.316157 -0.728990
v 1.893920 -0.333140 -0.781829
v 1.893920 0.000000 -0.839506
v 1.893920 0.333140 -0.781829
v 2.210077 -0.316157 -0.728990
v 2.227060 0.000000 -0.781829
v 2.210077 0.316157 -0.728990
v 2.074448 0.422952 3.855472
v 1.893920 0.453899 3.855471
v 1.713391 0.422952 3.855472
v 2.066075 0.403334 4.057365
v 1.893920 0.432846 4.057365
v 1.721765 0.403334 4.057365
v 2.066352 0.403984 4.167213
v 1.893920 0.433543 4.167213
v 1.721487 0.403984 4.167213
v 1.592305 -0.706641 1.803460
v 1.893920 -0.758346 1.803460
v 2.195535 -0.706641 1.803460
v 1.628434 -0.621995 2.449115
v 1.893920 -0.667507 2.449115
v 2.159405 -0.621995 2.449115
v 1.664563 -0.537349 3.041622
v 1.893920 -0.576667 3.041622
v 2.123276 -0.537349 3.041622
v 2.195535 0.706641 1.803460
v 1.893920 0.758346 1.803460
v 1.592305 0.706641 1.803460
v 2.159405 0.621995 2.449115
v 1.893920 0.667507 2.449115
v 1.628434 0.621995 2.449115
v 2.123276 0.537349 3.041622
v 1.893919 0.576667 3.041622
v 1.664564 0.537349 3.041622
v 2.600560 -0.301615 1.803460
v 2.652266 0.000000 1.803460
v 2.600560 0.301615 1.803460
v 2.515914 -0.265486 2.449115
v 2.561426 -0.000000 2.449115
v 2.515914 0.265486 2.449115
v 2.431268 -0.229356 3.041622
v 2.470586 0.000000 3.041622
v 2.431268 0.229356 3.041622
v 1.702553 -0.448344 4.255588
v 1.893920 -0.481150 4.255588
v 2.085286 -0.448344 4.255588
v 1.688221 -0.481922 4.280015
v 1.893920 -0.517185 4.280014
v 2.099618 -0.481922 4.280015
v 1.673889 -0.515500 4.304195
v 1.893920 -0.553220 4.304195
v 2.113950 -0.515500 4.304195
v 1.470968 0.180528 3.855472
v 1.440020 0.000000 3.855471
v 1.470968 -0.180528 3.855472
v 1.490586 0.172155 4.057365
v 1.461073 0.000000 4.057365
v 1.490586 -0.172155 4.057365
v 1.489936 0.172432 4.167213
v 1.460376 0.000000 4.167213
v 1.489936 -0.172432 4.167213
v 1.713391 -0.422952 3.855472
v 1.893920 -0.453899 3.855472
v 2.074448 -0.422952 3.855472
v 1.721765 -0.403334 4.057365
v 1.893920 -0.432846 4.057365
v 2.066075 -0.403334 4.057365
v 1.721488 -0.403984 4.167213
v 1.893920 -0.433543 4.167213
v 2.066352 -0.403984 4.167213
v 2.316871 -0.180528 3.855472
v 2.347819 0.000000 3.855472
v 2.316871 0.180528 3.855472
v 2.297254 -0.172155 4.057365
v 2.326766 -0.000000 4.057365
v 2.297254 0.172155 4.057365
v 2.297903 -0.172432 4.167213
v 2.327463 0.000000 4.167213
v 2.297903 0.172432 4.167212
v 2.133130 0.560435 4.382992
v 1.893920 0.601443 4.382992
v 1.654709 0.560435 4.382992
v 2.135122 0.565103 4.437855
v 1.893920 0.606452 4.437854
v 1.652717 0.565103 4.437854
v 2.131405 0.556394 4.492964
v 1.893920 0.597105 4.492962
v 1.656435 0.556394 4.492963
v 2.342264 -0.191367 4.255588
v 2.375070 0.000000 4.255587
v 2.342264 0.191367 4.255588
v 2.375842 -0.205699 4.280015
v 2.411104 -0.000000 4.280015
v 2.375842 0.205699 4.280014
v 2.409420 -0.220031 4.304195
v 2.447139 -0.000000 4.304195
v 2.409420 0.220031 4.304195
v 2.085286 0.448344 4.255588
v 1.893920 0.481150 4.255588
v 1.702553 0.448344 4.255588
v 2.099618 0.481922 4.280015
v 1.893920 0.517185 4.280014
v 1.688221 0.481922 4.280015
v 2.113950 0.515500 4.304195
v 1.893920 0.553220 4.304195
v 1.673889 0.515500 4.304195
v 1.445575 0.191367 4.255588
v 1.412770 -0.000000 4.255588
v 1.445575 -0.191367 4.255588
v 1.411997 0.205699 4.280015
v 1.376735 0.000000 4.280015
v 1.411997 -0.205699 4.280015
v 1.378419 0.220031 4.304195
v 1.340700 0.000000 4.304195
v 1.378419 -0.220031 4.304195
v 1.397383 0.211936 4.573545
v 1.361051 0.000000 4.573544
v 1.397383 -0.211936 4.573545
v 1.441842 0.192960 4.598155
v 1.408763 0.000000 4.598156
v 1.441842 -0.192960 4.598155
v 1.486300 0.173984 4.621290
v 1.456475 0.000000 4.621290
v 1.486300 -0.173984 4.621290
v 1.333485 0.239210 4.382992
v 1.292477 0.000000 4.382992
v 1.333485 -0.239210 4.382992
v 1.328816 0.241203 4.437854
v 1.287467 0.000000 4.437855
v 1.328816 -0.241203 4.437854
v 1.337526 0.237485 4.492963
v 1.296814 0.000000 4.492963
v 1.337526 -0.237485 4.492963
v 1.654709 -0.560435 4.382992
v 1.893920 -0.601443 4.382992
v 2.133130 -0.560435 4.382992
v 1.652717 -0.565103 4.437854
v 1.893920 -0.606452 4.437854
v 2.135122 -0.565103 4.437855
v 1.656434 -0.556394 4.492963
v 1.893920 -0.597105 4.492963
v 2.131404 -0.556394 4.492963
v 2.454355 -0.239210 4.382993
v 2.495362 0.000000 4.382992
v 2.454355 0.239210 4.382992
v 2.459023 -0.241203 4.437855
v 2.500372 -0.000000 4.437855
v 2.459023 0.241203 4.437855
v 2.450314 -0.237485 4.492963
v 2.491025 -0.000000 4.492964
v 2.450314 0.237485 4.492963
v 1.745426 -0.347899 4.690283
v 1.893920 -0.373355 4.690284
v 2.042413 -0.347899 4.690284
v 1.748736 -0.340145 4.736634
v 1.893920 -0.365034 4.736634
v 2.039104 -0.340145 4.736635
v 1.745635 -0.347409 4.782493
v 1.893920 -0.372829 4.782494
v 2.042204 -0.347409 4.782493
v 1.681983 -0.496537 4.573545
v 1.893920 -0.532869 4.573544
v 2.105856 -0.496537 4.573545
v 1.700959 -0.452078 4.598155
v 1.893920 -0.485157 4.598155
v 2.086880 -0.452078 4.598155
v 1.719936 -0.407619 4.621290
v 1.893920 -0.437445 4.621291
v 2.067903 -0.407619 4.621290
v 2.390456 -0.211936 4.573544
v 2.426788 -0.000000 4.573545
v 2.390456 0.211936 4.573544
v 2.345998 -0.192960 4.598156
v 2.379076 -0.000000 4.598155
v 2.345998 0.192960 4.598155
v 2.301539 -0.173984 4.621290
v 2.331365 0.000000 4.621290
v 2.301539 0.173984 4.621290
v 2.105856 0.496537 4.573545
v 1.893920 0.532868 4.573544
v 1.681983 0.496537 4.573545
v 2.086880 0.452078 4.598155
v 1.893920 0.485157 4.598156
v 1.700959 0.452078 4.598155
v 2.067903 0.407619 4.621291
v 1.893920 0.437445 4.621290
v 1.719936 0.407619 4.621290
v 2.066923 0.405322 4.847795
v 1.893920 0.434979 4.847794
v 1.720916 0.405322 4.847794
v 2.085337 0.448462 4.869206
v 1.893919 0.481276 4.869206
v 1.702503 0.448462 4.869205
v 2.103750 0.491602 4.894064
v 1.893920 0.527573 4.894064
v 1.684089 0.491602 4.894064
v 2.241818 -0.148493 4.690283
v 2.267274 -0.000000 4.690284
v 2.241818 0.148493 4.690283
v 2.234065 -0.145184 4.736635
v 2.258954 -0.000000 4.736634
v 2.234065 0.145184 4.736635
v 2.241329 -0.148284 4.782494
v 2.266748 -0.000000 4.782493
v 2.241329 0.148284 4.782494
v 2.042413 0.347899 4.690284
v 1.893920 0.373355 4.690284
v 1.745426 0.347899 4.690284
v 2.039104 0.340145 4.736635
v 1.893920 0.365034 4.736635
v 1.748736 0.340145 4.736635
v 2.042204 0.347409 4.782493
v 1.893920 0.372829 4.782492
v 1.745635 0.347409 4.782493
v 1.546021 0.148493 4.690283
v 1.520565 0.000000 4.690284
v 1.546021 -0.148493 4.690284
v 1.553774 0.145184 4.736634
v 1.528886 0.000000 4.736635
v 1.553774 -0.145184 4.736635
v 1.546510 0.148284 4.782493
v 1.521090 0.000000 4.782492
v 1.546511 -0.148284 4.782493
v 1.659443 -0.549346 4.986315
v 1.893920 -0.589542 4.986315
v 2.128397 -0.549346 4.986315
v 1.656846 -0.555430 5.051986
v 1.893920 -0.596071 5.051986
v 2.130993 -0.555430 5.051987
v 1.661522 -0.544474 5.117657
v 1.893920 -0.584314 5.117656
v 2.126317 -0.544474 5.117656
v 1.488598 0.173003 4.847794
v 1.458940 -0.000000 4.847795
v 1.488598 -0.173003 4.847794
v 1.445458 0.191417 4.869205
v 1.412643 0.000000 4.869206
v 1.445458 -0.191417 4.869205
v 1.402317 0.209830 4.894063
v 1.366346 -0.000000 4.894064
v 1.402317 -0.209830 4.894064
v 1.720916 -0.405322 4.847794
v 1.893920 -0.434979 4.847795
v 2.066923 -0.405322 4.847795
v 1.702503 -0.448462 4.869205
v 1.893920 -0.481276 4.869207
v 2.085336 -0.448462 4.869206
v 1.684089 -0.491602 4.894063
v 1.893920 -0.527573 4.894064
v 2.103750 -0.491602 4.894064
v 2.299241 -0.173003 4.847795
v 2.328899 0.000000 4.847795
v 2.299241 0.173003 4.847795
v 2.342381 -0.191417 4.869207
v 2.375196 -0.000000 4.869207
v 2.342382 0.191417 4.869207
v 2.385522 -0.209830 4.894064
v 2.421493 -0.000000 4.894063
v 2.385522 0.209830 4.894064
v 2.362659 -0.200072 5.205724
v 2.396957 -0.000000 5.205724
v 2.362659 0.200072 5.205724
v 2.306401 -0.176059 5.201293
v 2.336583 -0.000000 5.201294
v 2.306401 0.176059 5.201293
v 2.250143 -0.152047 5.143211
v 2.276208 0.000000 5.143211
v 2.250143 0.152047 5.143211
v 2.443266 -0.234477 4.986315
v 2.483462 -0.000000 4.986315
v 2.443266 0.234477 4.986316
v 2.449349 -0.237074 5.051986
v 2.489991 -0.000000 5.051986
v 2.449350 0.237074 5.051986
v 2.438394 -0.232397 5.117657
v 2.478233 -0.000000 5.117656
v 2.438394 0.232397 5.117657
v 2.128397 0.549346 4.986315
v 1.893920 0.589542 4.986315
v 1.659443 0.549346 4.986314
v 2.130994 0.555430 5.051987
v 1.893920 0.596071 5.051987
v 1.656846 0.555430 5.051986
v 2.126317 0.544474 5.117657
v 1.893920 0.584314 5.117658
v 1.661522 0.544474 5.117657
v 1.344573 0.234477 4.986315
v 1.304377 -0.000000 4.986315
v 1.344573 -0.234477 4.986314
v 1.338490 0.237074 5.051986
v 1.297848 -0.000000 5.051987
v 1.338490 -0.237074 5.051986
v 1.349446 0.232397 5.117657
v 1.309606 -0.000000 5.117658
v 1.349446 -0.232397 5.117657
v 2.013947 0.281207 4.803187
v 1.893920 0.301783 4.803187
v 1.773893 0.281207 4.803187
v 2.011414 0.275272 4.501188
v 1.893920 0.295414 4.501187
v 1.776425 0.275272 4.501187
v 2.019829 0.294987 4.105419
v 1.893920 0.316571 4.105419
v 1.768010 0.294987 4.105420
v 2.093992 0.468740 5.205724
v 1.893920 0.503038 5.205723
v 1.693848 0.468740 5.205723
v 2.069979 0.412482 5.201294
v 1.893919 0.442663 5.201294
v 1.717860 0.412482 5.201293
v 2.045966 0.356223 5.143212
v 1.893919 0.382289 5.143211
v 1.741873 0.356223 5.143211
v 1.425180 0.200072 5.205723
v 1.390882 -0.000000 5.205723
v 1.425180 -0.200072 5.205723
v 1.481438 0.176059 5.201294
v 1.451256 0.000000 5.201294
v 1.481438 -0.176059 5.201293
v 1.537696 0.152047 5.143211
v 1.511631 -0.000000 5.143211
v 1.537696 -0.152047 5.143211
v 1.693848 -0.468740 5.205723
v 1.893920 -0.503038 5.205724
v 2.093992 -0.468740 5.205724
v 1.717860 -0.412482 5.201294
v 1.893920 -0.442663 5.201294
v 2.069979 -0.412482 5.201295
v 1.741873 -0.356223 5.143211
v 1.893920 -0.382288 5.143212
v 2.045966 -0.356223 5.143212
v 1.714274 -0.420884 3.025275
v 1.893920 -0.451681 3.025275
v 2.073565 -0.420884 3.025276
v 1.674425 -0.514243 2.381016
v 1.893920 -0.551871 2.381016
v 2.113414 -0.514243 2.381016
v 1.634577 -0.607602 1.723221
v 1.893920 -0.652061 1.723221
v 2.153262 -0.607602 1.723221
v 1.612713 0.120027 4.803187
v 1.592137 -0.000000 4.803187
v 1.612713 -0.120027 4.803187
v 1.618647 0.117494 4.501187
v 1.598506 0.000000 4.501187
v 1.618647 -0.117494 4.501187
v 1.598933 0.125909 4.105419
v 1.577348 0.000000 4.105419
v 1.598933 -0.125909 4.105420
v 1.773893 -0.281207 4.803187
v 1.893920 -0.301783 4.803188
v 2.013947 -0.281207 4.803187
v 1.776425 -0.275272 4.501187
v 1.893920 -0.295414 4.501187
v 2.011414 -0.275272 4.501188
v 1.768011 -0.294987 4.105419
v 1.893920 -0.316571 4.105420
v 2.019829 -0.294987 4.105419
v 2.175126 -0.120027 4.803187
v 2.195702 0.000000 4.803187
v 2.175126 0.120027 4.803188
v 2.169192 -0.117494 4.501188
v 2.189334 0.000000 4.501188
v 2.169192 0.117494 4.501188
v 2.188906 -0.125909 4.105420
v 2.210491 0.000000 4.105419
v 2.188906 0.125909 4.105420
v 2.205570 0.730226 0.538822
v 1.893920 0.783684 0.538215
v 1.582270 0.730226 0.538821
v 2.203980 0.727025 0.076535
v 1.893920 0.780435 0.071685
v 1.583860 0.727025 0.076535
v 2.180243 0.660169 -0.274457
v 1.893920 0.707995 -0.290311
v 1.607597 0.660169 -0.274457
v 2.314804 -0.179646 3.025275
v 2.345601 0.000000 3.025276
v 2.314804 0.179646 3.025275
v 2.408163 -0.219494 2.381017
v 2.445791 0.000000 2.381016
v 2.408163 0.219494 2.381017
v 2.501522 -0.259342 1.723221
v 2.545980 0.000000 1.723221
v 2.501522 0.259342 1.723221
v 2.073565 0.420884 3.025276
v 1.893919 0.451681 3.025275
v 1.714274 0.420884 3.025275
v 2.113414 0.514243 2.381016
v 1.893920 0.551871 2.381016
v 1.674425 0.514243 2.381016
v 2.153262 0.607602 1.723221
v 1.893920 0.652061 1.723221
v 1.634577 0.607602 1.723221
v 1.473035 0.179646 3.025275
v 1.442239 0.000000 3.025275
v 1.473035 -0.179646 3.025275
v 1.379676 0.219494 2.381016
v 1.342049 0.000000 2.381016
v 1.379676 -0.219494 2.381016
v 1.286317 0.259342 1.723221
v 1.241859 -0.000000 1.723221
v 1.286317 -0.259342 1.723221
v 2.179040 -0.285120 -0.654696
v 2.194356 -0.000000 -0.702136
v 2.179040 0.285120 -0.654696
v 1.893920 -0.300436 -0.702136
v 1.893920 0.000000 -0.753920
v 1.893920 0.300436 -0.702136
v 1.608800 -0.285120 -0.654696
v 1.593483 0.000000 -0.702136
v 1.608800 0.285120 -0.654696
v 1.163694 0.311650 0.538821
v 1.110236 -0.000000 0.538215
v 1.163694 -0.311650 0.538821
v 1.166894 0.310060 0.076535
v 1.113485 0.000000 0.071685
v 1.166894 -0.310060 0.076535
v 1.233751 0.286323 -0.274457
v 1.185925 -0.000000 -0.290311
v 1.233751 -0.286323 -0.274457
v 1.582270 -0.730226 0.538821
v 1.893920 -0.783684 0.538215
v 2.205570 -0.730226 0.538822
v 1.583860 -0.727025 0.076535
v 1.893920 -0.780435 0.071685
v 2.203980 -0.727025 0.076535
v 1.607597 -0.660169 -0.274457
v 1.893920 -0.707995 -0.290311
v 2.180243 -0.660169 -0.274457
v 2.624146 -0.311650 0.538822
v 2.677604 0.000000 0.538215
v 2.624146 0.311650 0.538822
v 2.620945 -0.310060 0.076535
v 2.674354 0.000000 0.071685
v 2.620945 0.310060 0.076535
v 2.554088 -0.286323 -0.274457
v 2.601914 0.000000 -0.290311
v 2.554089 0.286323 -0.274457
vt 0.687500 0.561863
vt 0.750000 0.620660
vt 0.687500 0.619900
vt 0.812500 0.562188
vt 0.750000 0.561958
vt 0.750000 0.672418
vt 0.687500 0.670234
vt 0.812500 0.622504
vt 0.625000 0.500000
vt 0.625000 0.561849
vt 0.687500 0.500000
vt 0.812500 0.500000
vt 0.750000 0.500000
vt 0.875000 0.500000
vt 0.875000 0.562500
vt 0.875000 0.625000
vt 0.812500 0.678155
vt 0.875000 0.750000
vt 0.812500 0.720920
vt 0.750000 0.711806
vt 0.687500 0.708767
vt 0.625000 0.708333
vt 0.625000 0.669922
vt 0.625000 0.619792
vt 0.500000 0.012587
vt 0.562500 0.002387
vt 0.562500 0.009033
vt 0.437500 0.002387
vt 0.500000 0.003472
vt 0.562500 0.000298
vt 0.437500 0.000298
vt 0.500000 0.000434
vt 0.562500 0.028646
vt 0.625000 0.000000
vt 0.625000 0.000000
vt 0.500000 0.034722
vt 0.437500 0.009033
vt 0.437500 0.028646
vt 0.375000 0.000000
vt 0.375000 0.000000
vt 0.375000 0.000000
vt 0.375000 0.000000
vt 0.437500 0.000000
vt 0.500000 0.000000
vt 0.562500 0.000000
vt 0.625000 0.000000
vt 0.625000 0.000000
vt 0.625000 0.000000
vt 0.500000 0.075087
vt 0.437500 0.127387
vt 0.437500 0.071533
vt 0.562500 0.127387
vt 0.500000 0.128472
vt 0.437500 0.187798
vt 0.562500 0.187798
vt 0.500000 0.187934
vt 0.375000 0.000000
vt 0.375000 0.062500
vt 0.562500 0.071533
vt 0.625000 0.125000
vt 0.625000 0.187500
vt 0.625000 0.250000
vt 0.562500 0.250000
vt 0.500000 0.250000
vt 0.437500 0.250000
vt 0.375000 0.250000
vt 0.375000 0.187500
vt 0.375000 0.125000
vt 0.187500 0.562188
vt 0.250000 0.620660
vt 0.187500 0.622504
vt 0.312500 0.561863
vt 0.250000 0.561958
vt 0.250000 0.672418
vt 0.187500 0.678155
vt 0.312500 0.619900
vt 0.125000 0.500000
vt 0.125000 0.562500
vt 0.187500 0.500000
vt 0.312500 0.500000
vt 0.250000 0.500000
vt 0.375000 0.500000
vt 0.375000 0.561849
vt 0.375000 0.619792
vt 0.312500 0.670234
vt 0.375000 0.708333
vt 0.312500 0.708767
vt 0.250000 0.711806
vt 0.187500 0.720920
vt 0.125000 0.750000
vt 0.125000 0.687500
vt 0.125000 0.625000
vt 0.437500 0.561849
vt 0.500000 0.619792
vt 0.437500 0.619792
vt 0.562500 0.561849
vt 0.500000 0.561849
vt 0.500000 0.669922
vt 0.437500 0.669922
vt 0.562500 0.619792
vt 0.437500 0.500000
vt 0.562500 0.500000
vt 0.500000 0.500000
vt 0.562500 0.669922
vt 0.562500 0.708333
vt 0.500000 0.708333
vt 0.437500 0.708333
vt 0.375000 0.669922
vt 0.437500 0.312500
vt 0.500000 0.375000
vt 0.437500 0.375000
vt 0.562500 0.312500
vt 0.500000 0.312500
vt 0.437500 0.437500
vt 0.562500 0.437500
vt 0.500000 0.437500
vt 0.375000 0.312500
vt 0.625000 0.312500
vt 0.562500 0.375000
vt 0.625000 0.437500
vt 0.375000 0.437500
vt 0.375000 0.375000
vt 0.750000 0.750000
vt 0.687500 0.750000
vt 0.687500 0.750000
vt 0.812500 0.750000
vt 0.750000 0.750000
vt 0.750000 0.750000
vt 0.687500 0.750000
vt 0.687500 0.750000
vt 0.625000 0.750000
vt 0.625000 0.750000
vt 0.750000 0.750000
vt 0.812500 0.750000
vt 0.812500 0.750000
vt 0.875000 0.750000
vt 0.875000 0.750000
vt 0.812500 0.750000
vt 0.875000 0.750000
vt 0.812500 0.750000
vt 0.750000 0.750000
vt 0.687500 0.750000
vt 0.625000 0.750000
vt 0.625000 0.750000
vt 0.625000 0.750000
vt 0.250000 0.734918
vt 0.187500 0.747504
vt 0.187500 0.740655
vt 0.312500 0.744900
vt 0.250000 0.745660
vt 0.187500 0.749688
vt 0.312500 0.749363
vt 0.250000 0.749458
vt 0.125000 0.750000
vt 0.312500 0.732734
vt 0.375000 0.732422
vt 0.375000 0.744792
vt 0.375000 0.749349
vt 0.375000 0.750000
vt 0.312500 0.750000
vt 0.250000 0.750000
vt 0.187500 0.750000
vt 0.125000 0.750000
vt 0.125000 0.750000
vt 0.125000 0.750000
vt 0.750000 0.734918
vt 0.687500 0.744900
vt 0.687500 0.732734
vt 0.812500 0.747504
vt 0.750000 0.745660
vt 0.687500 0.749363
vt 0.812500 0.749688
vt 0.750000 0.749458
vt 0.625000 0.732422
vt 0.812500 0.740655
vt 0.875000 0.750000
vt 0.875000 0.750000
vt 0.875000 0.750000
vt 0.875000 0.750000
vt 0.625000 0.749349
vt 0.625000 0.744792
vt 0.500000 0.732422
vt 0.437500 0.744792
vt 0.437500 0.732422
vt 0.562500 0.744792
vt 0.500000 0.744792
vt 0.437500 0.749349
vt 0.562500 0.749349
vt 0.500000 0.749349
vt 0.562500 0.732422
vt 0.562500 0.750000
vt 0.500000 0.750000
vt 0.437500 0.750000
vt 0.187500 0.750000
vt 0.250000 0.750000
vt 0.187500 0.750000
vt 0.312500 0.750000
vt 0.250000 0.750000
vt 0.250000 0.750000
vt 0.187500 0.750000
vt 0.312500 0.750000
vt 0.125000 0.750000
vt 0.125000 0.750000
vt 0.187500 0.750000
vt 0.312500 0.750000
vt 0.250000 0.750000
vt 0.375000 0.750000
vt 0.375000 0.750000
vt 0.375000 0.750000
vt 0.312500 0.750000
vt 0.375000 0.750000
vt 0.312500 0.750000
vt 0.250000 0.750000
vt 0.187500 0.750000
vt 0.125000 0.750000
vt 0.125000 0.750000
vt 0.125000 0.750000
vt 0.500000 0.000000
vt 0.562500 0.000000
vt 0.562500 0.000000
vt 0.437500 0.000000
vt 0.500000 0.000000
vt 0.500000 0.000000
vt 0.562500 0.000000
vt 0.625000 0.000000
vt 0.437500 0.000000
vt 0.375000 0.000000
vt 0.375000 0.000000
vt 0.437500 0.000000
vt 0.375000 0.000000
vt 0.437500 0.000000
vt 0.500000 0.000000
vt 0.562500 0.000000
vt 0.625000 0.000000
vt 0.625000 0.000000
vt 0.625000 0.000000
vt 0.250000 0.750000
vt 0.187500 0.750000
vt 0.187500 0.750000
vt 0.312500 0.750000
vt 0.250000 0.750000
vt 0.250000 0.750000
vt 0.187500 0.750000
vt 0.125000 0.750000
vt 0.312500 0.750000
vt 0.375000 0.750000
vt 0.375000 0.750000
vt 0.312500 0.750000
vt 0.375000 0.750000
vt 0.125000 0.750000
vt 0.125000 0.750000
vt 0.500000 0.750000
vt 0.437500 0.750000
vt 0.437500 0.750000
vt 0.562500 0.750000
vt 0.500000 0.750000
vt 0.500000 0.750000
vt 0.437500 0.750000
vt 0.562500 0.750000
vt 0.562500 0.750000
vt 0.562500 0.750000
vt 0.500000 0.750000
vt 0.437500 0.750000
vt 0.687500 0.750000
vt 0.750000 0.750000
vt 0.687500 0.750000
vt 0.812500 0.750000
vt 0.750000 0.750000
vt 0.687500 0.750000
vt 0.812500 0.750000
vt 0.750000 0.750000
vt 0.625000 0.750000
vt 0.625000 0.750000
vt 0.687500 0.750000
vt 0.812500 0.750000
vt 0.750000 0.750000
vt 0.875000 0.750000
vt 0.875000 0.750000
vt 0.812500 0.750000
vt 0.875000 0.750000
vt 0.875000 0.750000
vt 0.812500 0.750000
vt 0.750000 0.750000
vt 0.687500 0.750000
vt 0.625000 0.750000
vt 0.625000 0.750000
vt 0.625000 0.750000
vt 0.437500 0.750000
vt 0.500000 0.750000
vt 0.437500 0.750000
vt 0.562500 0.750000
vt 0.500000 0.750000
vt 0.500000 0.750000
vt 0.437500 0.750000
vt 0.562500 0.750000
vt 0.625000 0.750000
vt 0.625000 0.750000
vt 0.562500 0.750000
vt 0.625000 0.750000
vt 0.562500 0.750000
vt 0.500000 0.750000
vt 0.437500 0.750000
vt 0.375000 0.750000
vt 0.687500 0.750000
vt 0.750000 0.750000
vt 0.687500 0.750000
vt 0.812500 0.750000
vt 0.750000 0.750000
vt 0.750000 0.750000
vt 0.687500 0.750000
vt 0.812500 0.750000
vt 0.875000 0.750000
vt 0.875000 0.750000
vt 0.875000 0.750000
vt 0.812500 0.750000
vt 0.875000 0.750000
vt 0.562500 0.000000
vt 0.500000 0.000000
vt 0.562500 0.000000
vt 0.437500 0.000000
vt 0.500000 0.000000
vt 0.500000 0.000000
vt 0.562500 0.000000
vt 0.437500 0.000000
vt 0.625000 0.000000
vt 0.375000 0.000000
vt 0.375000 0.000000
vt 0.375000 0.000000
vt 0.437500 0.000000
vt 0.375000 0.000000
vt 0.437500 0.000000
vt 0.500000 0.000000
vt 0.562500 0.000000
vt 0.625000 0.000000
vt 0.625000 0.000000
vt 0.625000 0.000000
vt 0.500000 0.000000
vt 0.562500 0.000000
vt 0.562500 0.000000
vt 0.437500 0.000000
vt 0.500000 0.000000
vt 0.562500 0.000000
vt 0.437500 0.000000
vt 0.500000 0.000000
vt 0.562500 0.000000
vt 0.625000 0.000000
vt 0.625000 0.000000
vt 0.500000 0.000000
vt 0.437500 0.000000
vt 0.437500 0.000000
vt 0.375000 0.000000
vt 0.375000 0.000000
vt 0.375000 0.000000
vt 0.375000 0.000000
vt 0.437500 0.000000
vt 0.500000 0.000000
vt 0.562500 0.000000
vt 0.625000 0.000000
vt 0.625000 0.000000
vt 0.625000 0.000000
vt 0.562500 0.000000
vt 0.500000 0.000000
vt 0.562500 0.000000
vt 0.437500 0.000000
vt 0.500000 0.000000
vt 0.562500 0.000000
vt 0.437500 0.000000
vt 0.500000 0.000000
vt 0.625000 0.000000
vt 0.375000 0.000000
vt 0.375000 0.000000
vt 0.437500 0.000000
vt 0.375000 0.000000
vt 0.375000 0.000000
vt 0.625000 0.000000
vt 0.625000 0.000000
vt 0.187500 0.750000
vt 0.250000 0.750000
vt 0.187500 0.750000
vt 0.312500 0.750000
vt 0.250000 0.750000
vt 0.187500 0.750000
vt 0.312500 0.750000
vt 0.250000 0.750000
vt 0.125000 0.750000
vt 0.375000 0.750000
vt 0.312500 0.750000
vt 0.375000 0.750000
vt 0.375000 0.750000
vt 0.312500 0.750000
vt 0.250000 0.750000
vt 0.187500 0.750000
vt 0.125000 0.750000
vt 0.125000 0.750000
vt 0.125000 0.750000
vt 0.437500 0.750000
vt 0.500000 0.750000
vt 0.437500 0.750000
vt 0.562500 0.750000
vt 0.500000 0.750000
vt 0.437500 0.750000
vt 0.562500 0.750000
vt 0.500000 0.750000
vt 0.562500 0.750000
vt 0.562500 0.750000
vt 0.500000 0.750000
vt 0.437500 0.750000
vt 0.375000 0.750000
vt 0.250000 0.750000
vt 0.187500 0.750000
vt 0.187500 0.750000
vt 0.312500 0.750000
vt 0.250000 0.750000
vt 0.250000 0.750000
vt 0.187500 0.750000
vt 0.187500 0.750000
vt 0.125000 0.750000
vt 0.125000 0.750000
vt 0.250000 0.750000
vt 0.312500 0.750000
vt 0.312500 0.750000
vt 0.375000 0.750000
vt 0.375000 0.750000
vt 0.312500 0.750000
vt 0.375000 0.750000
vt 0.312500 0.750000
vt 0.250000 0.750000
vt 0.187500 0.750000
vt 0.125000 0.750000
vt 0.125000 0.750000
vt 0.125000 0.750000
vt 0.250000 0.750000
vt 0.187500 0.750000
vt 0.187500 0.750000
vt 0.312500 0.750000
vt 0.250000 0.750000
vt 0.187500 0.750000
vt 0.312500 0.750000
vt 0.250000 0.750000
vt 0.125000 0.750000
vt 0.312500 0.750000
vt 0.375000 0.750000
vt 0.375000 0.750000
vt 0.375000 0.750000
vt 0.375000 0.750000
vt 0.125000 0.750000
vt 0.125000 0.750000
vt 0.500000 0.750000
vt 0.437500 0.750000
vt 0.437500 0.750000
vt 0.562500 0.750000
vt 0.500000 0.750000
vt 0.437500 0.750000
vt 0.562500 0.750000
vt 0.500000 0.750000
vt 0.562500 0.750000
vt 0.625000 0.750000
vt 0.625000 0.750000
vt 0.625000 0.750000
vt 0.625000 0.750000
vt 0.562500 0.750000
vt 0.500000 0.750000
vt 0.437500 0.750000
vt 0.750000 0.750000
vt 0.687500 0.750000
vt 0.687500 0.750000
vt 0.812500 0.750000
vt 0.750000 0.750000
vt 0.687500 0.750000
vt 0.812500 0.750000
vt 0.750000 0.750000
vt 0.812500 0.750000
vt 0.875000 0.750000
vt 0.875000 0.750000
vt 0.875000 0.750000
vt 0.875000 0.750000
vt 0.812500 0.750000
vt 0.750000 0.750000
vt 0.687500 0.750000
vt 0.687500 0.750000
vt 0.750000 0.750000
vt 0.687500 0.750000
vt 0.812500 0.750000
vt 0.750000 0.750000
vt 0.750000 0.750000
vt 0.687500 0.750000
vt 0.812500 0.750000
vt 0.625000 0.750000
vt 0.625000 0.750000
vt 0.687500 0.750000
vt 0.812500 0.750000
vt 0.750000 0.750000
vt 0.875000 0.750000
vt 0.875000 0.750000
vt 0.875000 0.750000
vt 0.812500 0.750000
vt 0.875000 0.750000
vt 0.812500 0.750000
vt 0.750000 0.750000
vt 0.687500 0.750000
vt 0.625000 0.750000
vt 0.625000 0.750000
vt 0.625000 0.750000
vt 0.500000 0.750000
vt 0.437500 0.750000
vt 0.437500 0.750000
vt 0.562500 0.750000
vt 0.500000 0.750000
vt 0.500000 0.750000
vt 0.437500 0.750000
vt 0.562500 0.750000
vt 0.625000 0.750000
vt 0.625000 0.750000
vt 0.562500 0.750000
vt 0.625000 0.750000
vt 0.562500 0.750000
vt 0.500000 0.750000
vt 0.437500 0.750000
vt 0.375000 0.750000
vt 0.750000 0.750000
vt 0.687500 0.750000
vt 0.687500 0.750000
vt 0.812500 0.750000
vt 0.750000 0.750000
vt 0.750000 0.750000
vt 0.687500 0.750000
vt 0.812500 0.750000
vt 0.875000 0.750000
vt 0.875000 0.750000
vt 0.812500 0.750000
vt 0.875000 0.750000
vt 0.500000 0.000000
vt 0.562500 0.000000
vt 0.562500 0.000000
vt 0.437500 0.000000
vt 0.500000 0.000000
vt 0.500000 0.000000
vt 0.562500 0.000000
vt 0.625000 0.000000
vt 0.437500 0.000000
vt 0.375000 0.000000
vt 0.375000 0.000000
vt 0.437500 0.000000
vt 0.375000 0.000000
vt 0.437500 0.000000
vt 0.500000 0.000000
vt 0.562500 0.000000
vt 0.625000 0.000000
vt 0.625000 0.000000
vt 0.625000 0.000000
vt 0.187500 0.750000
vt 0.250000 0.750000
vt 0.187500 0.750000
vt 0.312500 0.750000
vt 0.250000 0.750000
vt 0.187500 0.750000
vt 0.312500 0.750000
vt 0.250000 0.750000
vt 0.125000 0.750000
vt 0.125000 0.750000
vt 0.187500 0.750000
vt 0.312500 0.750000
vt 0.250000 0.750000
vt 0.375000 0.750000
vt 0.375000 0.750000
vt 0.312500 0.750000
vt 0.375000 0.750000
vt 0.375000 0.750000
vt 0.312500 0.750000
vt 0.250000 0.750000
vt 0.187500 0.750000
vt 0.125000 0.750000
vt 0.125000 0.750000
vt 0.125000 0.750000
vt 0.562500 0.000000
vt 0.500000 0.000000
vt 0.562500 0.000000
vt 0.437500 0.000000
vt 0.500000 0.000000
vt 0.500000 0.000000
vt 0.562500 0.000000
vt 0.437500 0.000000
vt 0.625000 0.000000
vt 0.375000 0.000000
vt 0.375000 0.000000
vt 0.375000 0.000000
vt 0.437500 0.000000
vt 0.375000 0.000000
vt 0.437500 0.000000
vt 0.500000 0.000000
vt 0.562500 0.000000
vt 0.625000 0.000000
vt 0.625000 0.000000
vt 0.625000 0.000000
vt 0.187500 0.750000
vt 0.250000 0.750000
vt 0.187500 0.750000
vt 0.312500 0.750000
vt 0.250000 0.750000
vt 0.250000 0.750000
vt 0.187500 0.750000
vt 0.312500 0.750000
vt 0.125000 0.750000
vt 0.375000 0.750000
vt 0.375000 0.750000
vt 0.312500 0.750000
vt 0.375000 0.750000
vt 0.125000 0.750000
vt 0.125000 0.750000
vt 0.437500 0.750000
vt 0.500000 0.750000
vt 0.437500 0.750000
vt 0.562500 0.750000
vt 0.500000 0.750000
vt 0.500000 0.750000
vt 0.437500 0.750000
vt 0.562500 0.750000
vt 0.562500 0.750000
vt 0.562500 0.750000
vt 0.500000 0.750000
vt 0.437500 0.750000
vt 0.500000 0.750000
vt 0.437500 0.750000
vt 0.437500 0.750000
vt 0.562500 0.750000
vt 0.500000 0.750000
vt 0.437500 0.750000
vt 0.562500 0.750000
vt 0.500000 0.750000
vt 0.437500 0.750000
vt 0.375000 0.750000
vt 0.500000 0.750000
vt 0.562500 0.750000
vt 0.562500 0.750000
vt 0.625000 0.750000
vt 0.625000 0.750000
vt 0.625000 0.750000
vt 0.625000 0.750000
vt 0.562500 0.750000
vt 0.500000 0.750000
vt 0.437500 0.750000
vt 0.375000 0.750000
vt 0.375000 0.750000
vt 0.375000 0.750000
vt 0.437500 0.750000
vt 0.500000 0.750000
vt 0.437500 0.750000
vt 0.562500 0.750000
vt 0.500000 0.750000
vt 0.437500 0.750000
vt 0.562500 0.750000
vt 0.500000 0.750000
vt 0.625000 0.750000
vt 0.562500 0.750000
vt 0.625000 0.750000
vt 0.625000 0.750000
vt 0.375000 0.750000
vt 0.687500 0.750000
vt 0.750000 0.750000
vt 0.687500 0.750000
vt 0.812500 0.750000
vt 0.750000 0.750000
vt 0.687500 0.750000
vt 0.812500 0.750000
vt 0.750000 0.750000
vt 0.875000 0.750000
vt 0.875000 0.750000
vt 0.812500 0.750000
vt 0.875000 0.750000
vt 0.875000 0.750000
vt 0.812500 0.750000
vt 0.750000 0.750000
vt 0.687500 0.750000
vt 0.625000 0.750000
vt 0.562500 0.000000
vt 0.500000 0.000000
vt 0.562500 0.000000
vt 0.437500 0.000000
vt 0.500000 0.000000
vt 0.562500 0.000000
vt 0.437500 0.000000
vt 0.500000 0.000000
vt 0.625000 0.000000
vt 0.375000 0.000000
vt 0.375000 0.000000
vt 0.437500 0.000000
vt 0.375000 0.000000
vt 0.375000 0.000000
vt 0.437500 0.000000
vt 0.500000 0.000000
vt 0.562500 0.000000
vt 0.625000 0.000000
vt 0.625000 0.000000
vt 0.625000 0.000000
vt 0.750000 0.750000
vt 0.687500 0.750000
vt 0.687500 0.750000
vt 0.812500 0.750000
vt 0.750000 0.750000
vt 0.750000 0.750000
vt 0.687500 0.750000
vt 0.687500 0.750000
vt 0.625000 0.750000
vt 0.750000 0.750000
vt 0.812500 0.750000
vt 0.812500 0.750000
vt 0.875000 0.750000
vt 0.875000 0.750000
vt 0.812500 0.750000
vt 0.875000 0.750000
vt 0.812500 0.750000
vt 0.750000 0.750000
vt 0.687500 0.750000
vt 0.625000 0.750000
vt 0.625000 0.750000
vt 0.625000 0.750000
vt 0.750000 0.750000
vt 0.687500 0.750000
vt 0.687500 0.750000
vt 0.812500 0.750000
vt 0.750000 0.750000
vt 0.687500 0.750000
vt 0.812500 0.750000
vt 0.750000 0.750000
vt 0.812500 0.750000
vt 0.875000 0.750000
vt 0.875000 0.750000
vt 0.875000 0.750000
vt 0.875000 0.750000
vt 0.500000 0.000000
vt 0.562500 0.000000
vt 0.562500 0.000000
vt 0.437500 0.000000
vt 0.500000 0.000000
vt 0.562500 0.000000
vt 0.437500 0.000000
vt 0.500000 0.000000
vt 0.625000 0.000000
vt 0.437500 0.000000
vt 0.375000 0.000000
vt 0.375000 0.000000
vt 0.375000 0.000000
vt 0.375000 0.000000
vt 0.437500 0.000000
vt 0.500000 0.000000
vt 0.562500 0.000000
vt 0.625000 0.000000
vt 0.625000 0.000000
vt 0.625000 0.000000
vt 0.250000 0.750000
vt 0.187500 0.750000
vt 0.187500 0.750000
vt 0.312500 0.750000
vt 0.250000 0.750000
vt 0.187500 0.750000
vt 0.312500 0.750000
vt 0.250000 0.750000
vt 0.125000 0.750000
vt 0.312500 0.750000
vt 0.312500 0.750000
vt 0.250000 0.750000
vt 0.187500 0.750000
vt 0.125000 0.750000
vt 0.125000 0.750000
vt 0.125000 0.750000
vt 0.187500 0.750000
vt 0.250000 0.750000
vt 0.187500 0.750000
vt 0.312500 0.750000
vt 0.250000 0.750000
vt 0.250000 0.750000
vt 0.187500 0.750000
vt 0.312500 0.750000
vt 0.125000 0.750000
vt 0.125000 0.750000
vt 0.187500 0.750000
vt 0.312500 0.750000
vt 0.250000 0.750000
vt 0.375000 0.750000
vt 0.375000 0.750000
vt 0.375000 0.750000
vt 0.312500 0.750000
vt 0.375000 0.750000
vt 0.312500 0.750000
vt 0.250000 0.750000
vt 0.187500 0.750000
vt 0.125000 0.750000
vt 0.125000 0.750000
vt 0.125000 0.750000
vt 0.500000 0.000000
vt 0.562500 0.000000
vt 0.562500 0.000000
vt 0.437500 0.000000
vt 0.500000 0.000000
vt 0.500000 0.000000
vt 0.562500 0.000000
vt 0.625000 0.000000
vt 0.437500 0.000000
vt 0.375000 0.000000
vt 0.375000 0.000000
vt 0.437500 0.000000
vt 0.375000 0.000000
vt 0.437500 0.000000
vt 0.500000 0.000000
vt 0.562500 0.000000
vt 0.625000 0.000000
vt 0.625000 0.000000
vt 0.625000 0.000000
vt 0.250000 0.750000
vt 0.187500 0.750000
vt 0.187500 0.750000
vt 0.312500 0.750000
vt 0.250000 0.750000
vt 0.250000 0.750000
vt 0.187500 0.750000
vt 0.125000 0.750000
vt 0.312500 0.750000
vt 0.375000 0.750000
vt 0.375000 0.750000
vt 0.312500 0.750000
vt 0.375000 0.750000
vt 0.125000 0.750000
vt 0.125000 0.750000
vt 0.500000 0.750000
vt 0.437500 0.750000
vt 0.437500 0.750000
vt 0.562500 0.750000
vt 0.500000 0.750000
vt 0.500000 0.750000
vt 0.437500 0.750000
vt 0.562500 0.750000
vt 0.562500 0.750000
vt 0.562500 0.750000
vt 0.500000 0.750000
vt 0.437500 0.750000
vt 0.750000 0.750000
vt 0.687500 0.750109
vt 0.687500 0.750014
vt 0.812500 0.750000
vt 0.750000 0.750000
vt 0.687500 0.750231
vt 0.812500 0.750000
vt 0.750000 0.750000
vt 0.625000 0.750000
vt 0.625000 0.750109
vt 0.687500 0.750000
vt 0.812500 0.750000
vt 0.750000 0.750000
vt 0.875000 0.750000
vt 0.812500 0.750000
vt 0.875000 0.750000
vt 0.875000 0.750000
vt 0.875000 0.750000
vt 0.812500 0.750000
vt 0.750000 0.750000
vt 0.687500 0.750000
vt 0.625000 0.750000
vt 0.625000 0.752604
vt 0.625000 0.750868
vt 0.437500 0.750000
vt 0.500000 0.750000
vt 0.437500 0.750000
vt 0.562500 0.750000
vt 0.500000 0.750000
vt 0.500000 0.750000
vt 0.437500 0.750000
vt 0.562500 0.750000
vt 0.625000 0.750000
vt 0.625000 0.750000
vt 0.562500 0.750000
vt 0.625000 0.750000
vt 0.562500 0.750000
vt 0.500000 0.750000
vt 0.437500 0.750000
vt 0.375000 0.750000
vt 0.687500 0.750000
vt 0.750000 0.750000
vt 0.687500 0.750000
vt 0.812500 0.750000
vt 0.750000 0.750000
vt 0.750000 0.750000
vt 0.687500 0.750000
vt 0.812500 0.750000
vt 0.875000 0.750000
vt 0.875000 0.750000
vt 0.875000 0.750000
vt 0.812500 0.750000
vt 0.875000 0.750000
vt 0.562500 0.000000
vt 0.500000 0.000000
vt 0.562500 0.000000
vt 0.437500 0.000000
vt 0.500000 0.000000
vt 0.500000 0.000000
vt 0.562500 0.000000
vt 0.437500 0.000000
vt 0.625000 0.000000
vt 0.375000 0.000000
vt 0.375000 0.000000
vt 0.375000 0.000000
vt 0.437500 0.000000
vt 0.375000 0.000000
vt 0.437500 0.000000
vt 0.500000 0.000000
vt 0.562500 0.000000
vt 0.625000 0.000000
vt 0.625000 0.000000
vt 0.625000 0.000000
vt 0.437500 0.821533
vt 0.500000 0.878472
vt 0.437500 0.877387
vt 0.562500 0.821533
vt 0.500000 0.825087
vt 0.437500 0.937799
vt 0.562500 0.937798
vt 0.500000 0.937934
vt 0.375000 0.750000
vt 0.375000 0.812500
vt 0.437500 0.778700
vt 0.562500 0.778700
vt 0.500000 0.784722
vt 0.625000 0.812500
vt 0.562500 0.877387
vt 0.625000 0.937500
vt 0.625000 1.000000
vt 0.562500 1.000000
vt 0.500000 1.000000
vt 0.437500 1.000000
vt 0.375000 1.000000
vt 0.375000 0.937500
vt 0.375000 0.875000
vt 0.500000 0.000000
vt 0.562500 0.000000
vt 0.562500 0.000000
vt 0.437500 0.000000
vt 0.500000 0.000000
vt 0.562500 0.000000
vt 0.437500 0.000000
vt 0.500000 0.000000
vt 0.625000 0.000000
vt 0.375000 0.000000
vt 0.437500 0.000000
vt 0.375000 0.000000
vt 0.375000 0.000000
vt 0.375000 0.000000
vt 0.437500 0.000000
vt 0.500000 0.000000
vt 0.562500 0.000000
vt 0.625000 0.000000
vt 0.625000 0.000000
vt 0.625000 0.000000
vt 0.250000 0.750000
vt 0.187500 0.750000
vt 0.187500 0.750000
vt 0.312500 0.750109
vt 0.250000 0.750000
vt 0.187500 0.750000
vt 0.312500 0.750231
vt 0.250000 0.750000
vt 0.125000 0.750000
vt 0.312500 0.750014
vt 0.375000 0.750868
vt 0.375000 0.752604
vt 0.312500 0.750000
vt 0.250000 0.750000
vt 0.187500 0.750000
vt 0.125000 0.750000
vt 0.125000 0.750000
vt 0.125000 0.750000
vt 0.500000 0.750434
vt 0.437500 0.752496
vt 0.437500 0.750312
vt 0.562500 0.752496
vt 0.500000 0.753472
vt 0.437500 0.759264
vt 0.562500 0.759264
vt 0.500000 0.762587
vt 0.375000 0.750109
vt 0.562500 0.750312
vt 0.875000 0.687500
vt 0.625000 0.062500
vt 0.625000 0.375000
vt 0.875000 0.750000
vt 0.375000 0.000000
vt 0.875000 0.750000
vt 0.375000 0.000000
vt 0.875000 0.750000
vt 0.625000 0.875000
vt 0.375000 0.000000
vn 0.1693 0.9645 -0.2027
vn -0.1722 0.9645 -0.2002
vn 0.1691 0.9854 -0.0185
vn -0.1700 0.9853 -0.0179
vn 0.4913 0.7520 -0.4394
vn 0.1690 0.8400 -0.5156
vn -0.1675 0.8395 -0.5169
vn -0.4442 0.7532 -0.4853
vn -0.5201 0.8301 -0.2008
vn -0.5283 0.8489 -0.0190
vn -0.5259 0.8473 0.0735
vn -0.1685 0.9830 0.0724
vn 0.1685 0.9830 0.0724
vn 0.5259 0.8474 0.0735
vn 0.5274 0.8494 -0.0197
vn 0.5201 0.8302 -0.2009
vn -0.9763 0.1674 0.1374
vn -0.9763 -0.1674 0.1374
vn -0.9746 0.1671 0.1494
vn -0.9746 -0.1671 0.1494
vn -0.8438 0.5238 0.1166
vn -0.9791 0.1678 0.1148
vn -0.9791 -0.1678 0.1148
vn -0.8438 -0.5238 0.1166
vn -0.8413 -0.5222 0.1395
vn -0.8398 -0.5213 0.1518
vn -0.8395 -0.5210 0.1543
vn -0.9742 -0.1670 0.1520
vn -0.9742 0.1670 0.1520
vn -0.8395 0.5210 0.1543
vn -0.8398 0.5213 0.1518
vn -0.8413 0.5222 0.1395
vn -0.9854 -0.1691 -0.0185
vn -0.9853 0.1700 -0.0179
vn -0.9645 -0.1693 -0.2027
vn -0.9645 0.1722 -0.2002
vn -0.8474 -0.5259 0.0735
vn -0.9830 -0.1685 0.0724
vn -0.9830 0.1685 0.0724
vn -0.8473 0.5259 0.0735
vn -0.8489 0.5283 -0.0190
vn -0.8301 0.5201 -0.2008
vn -0.7532 0.4442 -0.4853
vn -0.8395 0.1675 -0.5169
vn -0.8400 -0.1690 -0.5156
vn -0.7520 -0.4913 -0.4394
vn -0.8302 -0.5201 -0.2009
vn -0.8494 -0.5274 -0.0197
vn -0.1693 -0.9645 -0.2027
vn 0.1722 -0.9645 -0.2002
vn -0.1691 -0.9854 -0.0185
vn 0.1700 -0.9853 -0.0179
vn -0.4913 -0.7520 -0.4394
vn -0.1690 -0.8400 -0.5156
vn 0.1675 -0.8395 -0.5169
vn 0.4442 -0.7532 -0.4853
vn 0.5201 -0.8301 -0.2008
vn 0.5283 -0.8489 -0.0190
vn 0.5259 -0.8473 0.0735
vn 0.1685 -0.9830 0.0724
vn -0.1685 -0.9830 0.0724
vn -0.5259 -0.8474 0.0735
vn -0.5274 -0.8494 -0.0197
vn -0.5201 -0.8302 -0.2009
vn 0.9645 -0.1693 -0.2027
vn 0.9645 0.1722 -0.2002
vn 0.9854 -0.1691 -0.0185
vn 0.9853 0.1700 -0.0179
vn 0.7520 -0.4913 -0.4394
vn 0.8400 -0.1690 -0.5156
vn 0.8395 0.1675 -0.5169
vn 0.7532 0.4442 -0.4853
vn 0.8301 0.5201 -0.2008
vn 0.8489 0.5283 -0.0190
vn 0.8473 0.5259 0.0735
vn 0.9830 0.1685 0.0724
vn 0.9830 -0.1685 0.0724
vn 0.8474 -0.5259 0.0735
vn 0.8494 -0.5274 -0.0197
vn 0.8302 -0.5201 -0.2009
vn -0.1713 -0.1681 -0.9708
vn -0.1681 0.1713 -0.9708
vn 0.1713 -0.1681 -0.9708
vn 0.1681 0.1713 -0.9708
vn -0.4446 -0.4896 -0.7501
vn -0.5213 -0.1678 -0.8367
vn -0.5214 0.1677 -0.8367
vn -0.4896 0.4446 -0.7501
vn -0.1678 0.5213 -0.8367
vn 0.1678 0.5213 -0.8367
vn 0.4896 0.4446 -0.7501
vn 0.5214 0.1677 -0.8367
vn 0.5213 -0.1678 -0.8367
vn 0.4446 -0.4896 -0.7501
vn 0.1677 -0.5214 -0.8367
vn -0.1677 -0.5214 -0.8367
vn 0.1681 0.9805 0.1022
vn -0.1681 0.9805 0.1022
vn 0.1690 0.9856 -0.0063
vn -0.1690 0.9856 -0.0063
vn 0.5220 0.8410 0.1421
vn 0.1673 0.9759 0.1399
vn -0.1673 0.9759 0.1399
vn -0.5220 0.8410 0.1421
vn -0.5245 0.8450 0.1039
vn -0.5274 0.8496 -0.0064
vn -0.5020 0.8088 -0.3065
vn -0.1611 0.9396 -0.3021
vn 0.1611 0.9396 -0.3021
vn 0.5020 0.8088 -0.3065
vn 0.5274 0.8496 -0.0064
vn 0.5245 0.8450 0.1039
vn -0.1674 -0.9763 0.1374
vn 0.1674 -0.9763 0.1374
vn -0.1671 -0.9746 0.1494
vn 0.1671 -0.9746 0.1494
vn -0.5238 -0.8438 0.1166
vn -0.1678 -0.9791 0.1148
vn 0.1678 -0.9791 0.1148
vn 0.5238 -0.8438 0.1166
vn 0.5222 -0.8413 0.1395
vn 0.5213 -0.8398 0.1518
vn 0.5210 -0.8395 0.1543
vn 0.1670 -0.9742 0.1520
vn -0.1670 -0.9742 0.1520
vn -0.5210 -0.8395 0.1543
vn -0.5213 -0.8398 0.1518
vn -0.5222 -0.8413 0.1395
vn 0.1674 0.9763 0.1374
vn -0.1674 0.9763 0.1374
vn 0.1671 0.9746 0.1494
vn -0.1671 0.9746 0.1494
vn 0.5238 0.8438 0.1166
vn 0.1678 0.9791 0.1148
vn -0.1678 0.9791 0.1148
vn -0.5238 0.8438 0.1166
vn -0.5222 0.8413 0.1395
vn -0.5213 0.8398 0.1518
vn -0.5210 0.8395 0.1543
vn -0.1670 0.9742 0.1520
vn 0.1670 0.9742 0.1520
vn 0.5210 0.8395 0.1543
vn 0.5213 0.8398 0.1518
vn 0.5222 0.8413 0.1395
vn 0.9763 -0.1674 0.1374
vn 0.9763 0.1674 0.1374
vn 0.9746 -0.1671 0.1494
vn 0.9746 0.1671 0.1494
vn 0.8438 -0.5238 0.1166
vn 0.9791 -0.1678 0.1148
vn 0.9791 0.1678 0.1148
vn 0.8438 0.5238 0.1166
vn 0.8413 0.5222 0.1395
vn 0.8398 0.5213 0.1518
vn 0.8395 0.5210 0.1543
vn 0.9742 0.1670 0.1520
vn 0.9742 -0.1670 0.1520
vn 0.8395 -0.5210 0.1543
vn 0.8398 -0.5213 0.1518
vn 0.8413 -0.5222 0.1395
vn -0.0957 -0.5585 -0.8239
vn 0.0957 -0.5585 -0.8239
vn -0.0951 -0.5547 -0.8266
vn 0.0951 -0.5547 -0.8266
vn -0.3917 -0.6310 -0.6696
vn -0.1264 -0.7372 -0.6637
vn 0.1264 -0.7372 -0.6637
vn 0.3917 -0.6310 -0.6696
vn 0.2956 -0.4763 -0.8281
vn 0.2936 -0.4729 -0.8307
vn 0.3877 -0.6246 -0.6779
vn 0.1251 -0.7299 -0.6721
vn -0.1251 -0.7299 -0.6721
vn -0.3877 -0.6246 -0.6779
vn -0.2935 -0.4729 -0.8308
vn -0.2956 -0.4763 -0.8281
vn -0.9805 0.1681 0.1022
vn -0.9805 -0.1681 0.1022
vn -0.9856 0.1690 -0.0063
vn -0.9856 -0.1690 -0.0063
vn -0.8410 0.5220 0.1421
vn -0.9759 0.1673 0.1399
vn -0.9759 -0.1673 0.1399
vn -0.8410 -0.5220 0.1421
vn -0.8450 -0.5245 0.1039
vn -0.8496 -0.5274 -0.0064
vn -0.8088 -0.5020 -0.3065
vn -0.9396 -0.1611 -0.3021
vn -0.9396 0.1611 -0.3021
vn -0.8088 0.5020 -0.3065
vn -0.8496 0.5274 -0.0064
vn -0.8450 0.5245 0.1039
vn -0.1681 -0.9805 0.1022
vn 0.1681 -0.9805 0.1022
vn -0.1690 -0.9856 -0.0063
vn 0.1690 -0.9856 -0.0063
vn -0.5220 -0.8410 0.1421
vn -0.1673 -0.9759 0.1399
vn 0.1673 -0.9759 0.1399
vn 0.5220 -0.8410 0.1421
vn 0.5245 -0.8450 0.1039
vn 0.5274 -0.8496 -0.0064
vn 0.5020 -0.8088 -0.3065
vn 0.1611 -0.9396 -0.3021
vn -0.1611 -0.9396 -0.3021
vn -0.5020 -0.8088 -0.3065
vn -0.5274 -0.8496 -0.0064
vn -0.5245 -0.8450 0.1039
vn 0.9805 -0.1681 0.1022
vn 0.9805 0.1681 0.1022
vn 0.9856 -0.1690 -0.0063
vn 0.9856 0.1690 -0.0063
vn 0.8410 -0.5220 0.1421
vn 0.9759 -0.1673 0.1399
vn 0.9759 0.1673 0.1399
vn 0.8410 0.5220 0.1421
vn 0.8450 0.5245 0.1039
vn 0.8496 0.5273 -0.0064
vn 0.8088 0.5020 -0.3065
vn 0.9396 0.1611 -0.3021
vn 0.9396 -0.1611 -0.3021
vn 0.8088 -0.5020 -0.3065
vn 0.8496 -0.5274 -0.0064
vn 0.8450 -0.5245 0.1039
vn 0.1683 0.9817 -0.0896
vn -0.1683 0.9817 -0.0896
vn 0.1667 0.9721 0.1649
vn -0.1667 0.9721 0.1649
vn 0.4902 0.7898 -0.3687
vn 0.1574 0.9182 -0.3636
vn -0.1574 0.9181 -0.3636
vn -0.4902 0.7898 -0.3687
vn -0.5252 0.8461 -0.0911
vn -0.5199 0.8376 0.1675
vn -0.4669 0.7522 0.4649
vn -0.1501 0.8756 0.4592
vn 0.1501 0.8756 0.4592
vn 0.4669 0.7522 0.4649
vn 0.5199 0.8376 0.1675
vn 0.5252 0.8461 -0.0911
vn 0.5585 -0.0957 -0.8239
vn 0.5585 0.0958 -0.8239
vn 0.5547 -0.0951 -0.8266
vn 0.5547 0.0951 -0.8266
vn 0.6310 -0.3917 -0.6696
vn 0.7372 -0.1264 -0.6637
vn 0.7372 0.1264 -0.6638
vn 0.6310 0.3917 -0.6696
vn 0.4762 0.2956 -0.8281
vn 0.4730 0.2936 -0.8307
vn 0.6246 0.3877 -0.6779
vn 0.7299 0.1251 -0.6721
vn 0.7298 -0.1251 -0.6721
vn 0.6246 -0.3877 -0.6779
vn 0.4730 -0.2936 -0.8307
vn 0.4763 -0.2956 -0.8281
vn 0.0957 0.5585 -0.8239
vn -0.0957 0.5585 -0.8240
vn 0.0951 0.5547 -0.8266
vn -0.0951 0.5547 -0.8266
vn 0.3917 0.6310 -0.6696
vn 0.1264 0.7372 -0.6637
vn -0.1264 0.7372 -0.6637
vn -0.3917 0.6310 -0.6696
vn -0.2956 0.4763 -0.8281
vn -0.2935 0.4730 -0.8308
vn -0.3877 0.6246 -0.6779
vn -0.1251 0.7299 -0.6721
vn 0.1251 0.7299 -0.6721
vn 0.3877 0.6246 -0.6779
vn 0.2936 0.4729 -0.8308
vn 0.2956 0.4762 -0.8281
vn -0.5585 0.0957 -0.8239
vn -0.5585 -0.0957 -0.8239
vn -0.5547 0.0951 -0.8266
vn -0.5547 -0.0951 -0.8266
vn -0.6310 0.3917 -0.6696
vn -0.7372 0.1264 -0.6637
vn -0.7372 -0.1264 -0.6637
vn -0.6310 -0.3917 -0.6696
vn -0.4763 -0.2956 -0.8281
vn -0.4729 -0.2936 -0.8308
vn -0.6246 -0.3877 -0.6779
vn -0.7299 -0.1251 -0.6720
vn -0.7298 0.1251 -0.6721
vn -0.6246 0.3877 -0.6779
vn -0.4730 0.2935 -0.8307
vn -0.4763 0.2956 -0.8281
vn -0.4570 0.0783 0.8860
vn -0.4570 -0.0783 0.8860
vn -0.4351 0.0746 0.8973
vn -0.4351 -0.0746 0.8973
vn -0.5486 0.3405 0.7636
vn -0.6422 0.1101 0.7585
vn -0.6423 -0.1101 0.7585
vn -0.5486 -0.3405 0.7636
vn -0.3891 -0.2415 0.8890
vn -0.3703 -0.2298 0.9001
vn -0.5025 -0.3119 0.8063
vn -0.5890 -0.1010 0.8018
vn -0.5890 0.1010 0.8018
vn -0.5025 0.3119 0.8063
vn -0.3703 0.2298 0.9001
vn -0.3890 0.2415 0.8890
vn -0.9817 0.1683 -0.0896
vn -0.9817 -0.1683 -0.0896
vn -0.9721 0.1667 0.1649
vn -0.9721 -0.1666 0.1649
vn -0.7898 0.4902 -0.3687
vn -0.9182 0.1574 -0.3636
vn -0.9182 -0.1574 -0.3636
vn -0.7898 -0.4902 -0.3687
vn -0.8461 -0.5252 -0.0911
vn -0.8376 -0.5199 0.1675
vn -0.7522 -0.4669 0.4650
vn -0.8756 -0.1501 0.4592
vn -0.8756 0.1501 0.4592
vn -0.7522 0.4669 0.4649
vn -0.8376 0.5199 0.1675
vn -0.8461 0.5252 -0.0911
vn -0.1683 -0.9817 -0.0896
vn 0.1683 -0.9817 -0.0896
vn -0.1666 -0.9721 0.1649
vn 0.1667 -0.9721 0.1649
vn -0.4902 -0.7898 -0.3687
vn -0.1574 -0.9181 -0.3636
vn 0.1574 -0.9182 -0.3636
vn 0.4902 -0.7898 -0.3687
vn 0.5252 -0.8461 -0.0911
vn 0.5199 -0.8376 0.1675
vn 0.4669 -0.7522 0.4649
vn 0.1501 -0.8756 0.4592
vn -0.1501 -0.8756 0.4592
vn -0.4669 -0.7522 0.4649
vn -0.5199 -0.8376 0.1675
vn -0.5252 -0.8461 -0.0911
vn 0.9817 -0.1683 -0.0896
vn 0.9817 0.1683 -0.0896
vn 0.9721 -0.1667 0.1649
vn 0.9721 0.1667 0.1649
vn 0.7898 -0.4902 -0.3687
vn 0.9182 -0.1574 -0.3636
vn 0.9181 0.1574 -0.3636
vn 0.7898 0.4902 -0.3687
vn 0.8461 0.5252 -0.0911
vn 0.8376 0.5199 0.1675
vn 0.7522 0.4669 0.4649
vn 0.8756 0.1501 0.4592
vn 0.8756 -0.1501 0.4591
vn 0.7522 -0.4669 0.4649
vn 0.8376 -0.5199 0.1675
vn 0.8461 -0.5252 -0.0911
vn -0.1664 -0.9705 0.1742
vn 0.1664 -0.9705 0.1742
vn -0.1666 -0.9721 -0.1652
vn 0.1666 -0.9721 -0.1652
vn -0.4491 -0.7235 0.5242
vn -0.1445 -0.8430 0.5182
vn 0.1445 -0.8430 0.5182
vn 0.4491 -0.7235 0.5242
vn 0.5190 -0.8362 0.1769
vn 0.5199 -0.8376 -0.1678
vn 0.4484 -0.7224 -0.5265
vn 0.1443 -0.8416 -0.5204
vn -0.1443 -0.8416 -0.5204
vn -0.4484 -0.7224 -0.5264
vn -0.5199 -0.8376 -0.1678
vn -0.5190 -0.8362 0.1769
vn -0.0783 -0.4570 0.8860
vn 0.0783 -0.4570 0.8860
vn -0.0746 -0.4351 0.8973
vn 0.0746 -0.4351 0.8973
vn -0.3405 -0.5486 0.7636
vn -0.1101 -0.6422 0.7585
vn 0.1101 -0.6422 0.7586
vn 0.3405 -0.5486 0.7637
vn 0.2415 -0.3890 0.8890
vn 0.2298 -0.3703 0.9001
vn 0.3119 -0.5025 0.8063
vn 0.1010 -0.5890 0.8018
vn -0.1010 -0.5890 0.8018
vn -0.3119 -0.5025 0.8063
vn -0.2298 -0.3703 0.9001
vn -0.2415 -0.3891 0.8890
vn 0.4570 -0.0784 0.8860
vn 0.4570 0.0783 0.8860
vn 0.4351 -0.0746 0.8973
vn 0.4351 0.0746 0.8973
vn 0.5485 -0.3405 0.7637
vn 0.6422 -0.1101 0.7586
vn 0.6423 0.1101 0.7585
vn 0.5486 0.3405 0.7636
vn 0.3890 0.2415 0.8890
vn 0.3703 0.2298 0.9001
vn 0.5025 0.3119 0.8063
vn 0.5890 0.1010 0.8018
vn 0.5890 -0.1010 0.8018
vn 0.5025 -0.3119 0.8063
vn 0.3703 -0.2298 0.9001
vn 0.3890 -0.2415 0.8890
vn 0.0783 0.4570 0.8860
vn -0.0783 0.4570 0.8860
vn 0.0746 0.4351 0.8973
vn -0.0746 0.4351 0.8973
vn 0.3405 0.5485 0.7637
vn 0.1101 0.6423 0.7585
vn -0.1101 0.6422 0.7585
vn -0.3405 0.5486 0.7636
vn -0.2415 0.3891 0.8890
vn -0.2298 0.3703 0.9000
vn -0.3119 0.5025 0.8063
vn -0.1010 0.5890 0.8018
vn 0.1010 0.5890 0.8018
vn 0.3119 0.5025 0.8063
vn 0.2298 0.3703 0.9001
vn 0.2415 0.3890 0.8890
vn 0.0718 0.4187 -0.9053
vn -0.0718 0.4187 -0.9053
vn 0.0808 0.4715 -0.8782
vn -0.0808 0.4715 -0.8782
vn 0.3019 0.4864 -0.8199
vn 0.0978 0.5703 -0.8156
vn -0.0978 0.5703 -0.8156
vn -0.3019 0.4864 -0.8199
vn -0.2211 0.3562 -0.9079
vn -0.2492 0.4015 -0.8813
vn -0.3667 0.5907 -0.7187
vn -0.1184 0.6909 -0.7132
vn 0.1184 0.6909 -0.7132
vn 0.3667 0.5907 -0.7187
vn 0.2492 0.4015 -0.8813
vn 0.2211 0.3562 -0.9079
vn 0.9705 -0.1664 0.1742
vn 0.9705 0.1664 0.1742
vn 0.9721 -0.1666 -0.1652
vn 0.9721 0.1666 -0.1652
vn 0.7235 -0.4491 0.5242
vn 0.8430 -0.1445 0.5181
vn 0.8430 0.1445 0.5182
vn 0.7235 0.4491 0.5242
vn 0.8362 0.5190 0.1769
vn 0.8376 0.5199 -0.1678
vn 0.7224 0.4484 -0.5265
vn 0.8416 0.1443 -0.5204
vn 0.8416 -0.1443 -0.5204
vn 0.7224 -0.4484 -0.5265
vn 0.8376 -0.5199 -0.1678
vn 0.8362 -0.5191 0.1769
vn 0.1664 0.9705 0.1742
vn -0.1664 0.9705 0.1742
vn 0.1666 0.9721 -0.1652
vn -0.1666 0.9721 -0.1652
vn 0.4491 0.7235 0.5242
vn 0.1445 0.8430 0.5182
vn -0.1445 0.8430 0.5182
vn -0.4491 0.7235 0.5242
vn -0.5190 0.8362 0.1769
vn -0.5199 0.8376 -0.1678
vn -0.4484 0.7224 -0.5264
vn -0.1443 0.8416 -0.5204
vn 0.1443 0.8416 -0.5204
vn 0.4484 0.7224 -0.5265
vn 0.5199 0.8376 -0.1678
vn 0.5190 0.8362 0.1769
vn -0.9705 0.1664 0.1742
vn -0.9705 -0.1664 0.1742
vn -0.9721 0.1666 -0.1652
vn -0.9721 -0.1666 -0.1652
vn -0.7235 0.4491 0.5242
vn -0.8430 0.1445 0.5182
vn -0.8430 -0.1445 0.5182
vn -0.7235 -0.4491 0.5242
vn -0.8362 -0.5190 0.1769
vn -0.8376 -0.5199 -0.1678
vn -0.7224 -0.4484 -0.5265
vn -0.8416 -0.1443 -0.5204
vn -0.8416 0.1443 -0.5204
vn -0.7224 0.4484 -0.5264
vn -0.8376 0.5199 -0.1678
vn -0.8362 0.5190 0.1769
vn -0.1682 -0.9809 -0.0975
vn 0.1682 -0.9809 -0.0975
vn -0.1664 -0.9706 0.1738
vn 0.1664 -0.9706 0.1738
vn -0.4846 -0.7808 -0.3944
vn -0.1556 -0.9079 -0.3891
vn 0.1556 -0.9079 -0.3891
vn 0.4846 -0.7808 -0.3944
vn 0.5248 -0.8455 -0.0991
vn 0.5191 -0.8363 0.1765
vn 0.4585 -0.7387 0.4940
vn 0.1475 -0.8603 0.4880
vn -0.1475 -0.8603 0.4880
vn -0.4585 -0.7387 0.4940
vn -0.5191 -0.8363 0.1765
vn -0.5248 -0.8455 -0.0991
vn -0.4187 0.0718 -0.9053
vn -0.4187 -0.0718 -0.9053
vn -0.4715 0.0808 -0.8781
vn -0.4715 -0.0808 -0.8782
vn -0.4864 0.3019 -0.8199
vn -0.5704 0.0978 -0.8156
vn -0.5704 -0.0978 -0.8156
vn -0.4864 -0.3019 -0.8199
vn -0.3562 -0.2211 -0.9079
vn -0.4015 -0.2492 -0.8813
vn -0.5907 -0.3667 -0.7187
vn -0.6909 -0.1184 -0.7132
vn -0.6909 0.1184 -0.7132
vn -0.5908 0.3667 -0.7187
vn -0.4015 0.2492 -0.8813
vn -0.3562 0.2211 -0.9079
vn -0.0718 -0.4187 -0.9053
vn 0.0718 -0.4187 -0.9053
vn -0.0808 -0.4715 -0.8782
vn 0.0808 -0.4715 -0.8782
vn -0.3019 -0.4864 -0.8199
vn -0.0978 -0.5703 -0.8156
vn 0.0978 -0.5703 -0.8156
vn 0.3019 -0.4864 -0.8199
vn 0.2211 -0.3562 -0.9079
vn 0.2492 -0.4015 -0.8813
vn 0.3667 -0.5907 -0.7187
vn 0.1184 -0.6909 -0.7132
vn -0.1184 -0.6909 -0.7132
vn -0.3667 -0.5907 -0.7187
vn -0.2492 -0.4015 -0.8813
vn -0.2211 -0.3562 -0.9079
vn 0.4187 -0.0718 -0.9053
vn 0.4187 0.0718 -0.9053
vn 0.4715 -0.0808 -0.8782
vn 0.4715 0.0808 -0.8782
vn 0.4864 -0.3019 -0.8199
vn 0.5703 -0.0978 -0.8156
vn 0.5703 0.0978 -0.8156
vn 0.4864 0.3019 -0.8199
vn 0.3562 0.2211 -0.9079
vn 0.4015 0.2492 -0.8813
vn 0.5907 0.3667 -0.7187
vn 0.6909 0.1184 -0.7132
vn 0.6909 -0.1184 -0.7132
vn 0.5908 -0.3667 -0.7187
vn 0.4014 -0.2492 -0.8813
vn 0.3562 -0.2211 -0.9079
vn -0.0732 0.0125 0.9972
vn -0.0732 -0.0125 0.9972
vn -0.6885 0.1180 0.7156
vn -0.6884 -0.1180 0.7156
vn 0.4672 -0.2900 0.8353
vn 0.5480 -0.0939 0.8312
vn 0.5480 0.0939 0.8312
vn 0.4672 0.2900 0.8353
vn -0.0621 -0.0385 0.9973
vn -0.5886 -0.3653 0.7212
vn -0.7912 -0.4911 0.3645
vn -0.9197 -0.1577 0.3595
vn -0.9197 0.1577 0.3595
vn -0.7912 0.4911 0.3645
vn -0.5886 0.3653 0.7212
vn -0.0621 0.0385 0.9973
vn 0.9809 -0.1682 -0.0975
vn 0.9809 0.1682 -0.0975
vn 0.9706 -0.1664 0.1738
vn 0.9706 0.1664 0.1738
vn 0.7808 -0.4846 -0.3944
vn 0.9079 -0.1556 -0.3891
vn 0.9080 0.1556 -0.3891
vn 0.7808 0.4846 -0.3944
vn 0.8455 0.5248 -0.0991
vn 0.8363 0.5191 0.1765
vn 0.7387 0.4585 0.4940
vn 0.8603 0.1475 0.4880
vn 0.8603 -0.1475 0.4880
vn 0.7387 -0.4585 0.4940
vn 0.8363 -0.5191 0.1765
vn 0.8455 -0.5248 -0.0991
vn 0.1682 0.9809 -0.0975
vn -0.1682 0.9809 -0.0975
vn 0.1664 0.9706 0.1738
vn -0.1664 0.9706 0.1738
vn 0.4846 0.7808 -0.3944
vn 0.1556 0.9079 -0.3891
vn -0.1556 0.9079 -0.3891
vn -0.4846 0.7808 -0.3944
vn -0.5248 0.8455 -0.0991
vn -0.5191 0.8363 0.1765
vn -0.4585 0.7387 0.4940
vn -0.1475 0.8603 0.4880
vn 0.1475 0.8603 0.4880
vn 0.4585 0.7387 0.4940
vn 0.5191 0.8363 0.1765
vn 0.5248 0.8455 -0.0991
vn -0.9809 0.1682 -0.0975
vn -0.9809 -0.1682 -0.0975
vn -0.9706 0.1664 0.1738
vn -0.9706 -0.1664 0.1738
vn -0.7808 0.4846 -0.3944
vn -0.9079 0.1556 -0.3891
vn -0.9079 -0.1556 -0.3891
vn -0.7808 -0.4846 -0.3944
vn -0.8455 -0.5248 -0.0991
vn -0.8363 -0.5191 0.1765
vn -0.7387 -0.4585 0.4940
vn -0.8603 -0.1475 0.4880
vn -0.8603 0.1475 0.4880
vn -0.7387 0.4585 0.4940
vn -0.8363 0.5191 0.1765
vn -0.8455 0.5248 -0.0991
vn -0.1689 -0.9854 0.0208
vn 0.1689 -0.9854 0.0208
vn -0.1687 -0.9843 -0.0526
vn 0.1687 -0.9843 -0.0526
vn -0.5220 -0.8410 0.1425
vn -0.1673 -0.9759 0.1403
vn 0.1673 -0.9759 0.1403
vn 0.5220 -0.8410 0.1425
vn 0.5272 -0.8495 0.0211
vn 0.5266 -0.8484 -0.0535
vn 0.5244 -0.8449 -0.1052
vn 0.1681 -0.9803 -0.1035
vn -0.1681 -0.9803 -0.1035
vn -0.5244 -0.8449 -0.1052
vn -0.5266 -0.8484 -0.0535
vn -0.5272 -0.8495 0.0211
vn -0.0126 -0.0732 0.9972
vn 0.0125 -0.0732 0.9972
vn -0.1180 -0.6884 0.7156
vn 0.1180 -0.6885 0.7156
vn 0.2900 0.4672 0.8353
vn 0.0939 0.5480 0.8312
vn -0.0939 0.5480 0.8312
vn -0.2900 0.4672 0.8353
vn 0.0385 -0.0621 0.9973
vn 0.3653 -0.5886 0.7212
vn 0.4911 -0.7912 0.3645
vn 0.1577 -0.9197 0.3595
vn -0.1577 -0.9197 0.3595
vn -0.4911 -0.7912 0.3645
vn -0.3653 -0.5886 0.7212
vn -0.0385 -0.0621 0.9973
vn 0.0732 -0.0125 0.9972
vn 0.0732 0.0125 0.9972
vn 0.6884 -0.1180 0.7156
vn 0.6884 0.1180 0.7156
vn -0.4672 0.2900 0.8353
vn -0.5480 0.0939 0.8312
vn -0.5480 -0.0939 0.8312
vn -0.4672 -0.2900 0.8353
vn 0.0621 0.0385 0.9973
vn 0.5886 0.3653 0.7212
vn 0.7912 0.4911 0.3645
vn 0.9197 0.1577 0.3595
vn 0.9197 -0.1577 0.3595
vn 0.7912 -0.4911 0.3645
vn 0.5886 -0.3653 0.7212
vn 0.0621 -0.0385 0.9973
vn 0.0125 0.0732 0.9972
vn -0.0125 0.0732 0.9972
vn 0.1180 0.6885 0.7156
vn -0.1180 0.6884 0.7156
vn -0.2900 -0.4672 0.8353
vn -0.0939 -0.5480 0.8312
vn 0.0939 -0.5480 0.8312
vn 0.2900 -0.4672 0.8353
vn -0.0385 0.0621 0.9973
vn -0.3653 0.5886 0.7212
vn -0.4911 0.7912 0.3645
vn -0.1577 0.9197 0.3595
vn 0.1577 0.9197 0.3595
vn 0.4911 0.7912 0.3645
vn 0.3653 0.5886 0.7212
vn 0.0385 0.0621 0.9973
vn 0.1670 0.9742 -0.1515
vn -0.1670 0.9742 -0.1515
vn 0.1671 0.9747 -0.1485
vn -0.1671 0.9747 -0.1485
vn 0.5221 0.8412 -0.1403
vn 0.1673 0.9762 -0.1381
vn -0.1673 0.9762 -0.1381
vn -0.5221 0.8412 -0.1403
vn -0.5211 0.8395 -0.1539
vn -0.5213 0.8399 -0.1508
vn -0.5228 0.8423 -0.1314
vn -0.1675 0.9773 -0.1293
vn 0.1675 0.9773 -0.1293
vn 0.5228 0.8423 -0.1314
vn 0.5213 0.8399 -0.1508
vn 0.5211 0.8395 -0.1539
vn 0.9854 -0.1689 0.0208
vn 0.9854 0.1689 0.0208
vn 0.9843 -0.1687 -0.0526
vn 0.9843 0.1687 -0.0526
vn 0.8410 -0.5220 0.1425
vn 0.9759 -0.1673 0.1403
vn 0.9759 0.1673 0.1403
vn 0.8410 0.5220 0.1425
vn 0.8495 0.5272 0.0211
vn 0.8484 0.5266 -0.0535
vn 0.8449 0.5244 -0.1052
vn 0.9803 0.1681 -0.1035
vn 0.9803 -0.1681 -0.1035
vn 0.8449 -0.5244 -0.1052
vn 0.8484 -0.5266 -0.0535
vn 0.8495 -0.5272 0.0211
vn 0.1689 0.9854 0.0208
vn -0.1689 0.9854 0.0208
vn 0.1687 0.9843 -0.0526
vn -0.1687 0.9843 -0.0526
vn 0.5220 0.8410 0.1425
vn 0.1673 0.9759 0.1403
vn -0.1673 0.9759 0.1403
vn -0.5220 0.8410 0.1425
vn -0.5272 0.8494 0.0211
vn -0.5266 0.8484 -0.0535
vn -0.5244 0.8449 -0.1052
vn -0.1681 0.9803 -0.1035
vn 0.1681 0.9803 -0.1035
vn 0.5244 0.8449 -0.1052
vn 0.5266 0.8484 -0.0535
vn 0.5272 0.8495 0.0211
vn -0.9854 0.1689 0.0208
vn -0.9854 -0.1689 0.0208
vn -0.9843 0.1687 -0.0526
vn -0.9843 -0.1687 -0.0526
vn -0.8410 0.5220 0.1425
vn -0.9759 0.1673 0.1403
vn -0.9759 -0.1673 0.1403
vn -0.8410 -0.5220 0.1425
vn -0.8495 -0.5272 0.0211
vn -0.8484 -0.5266 -0.0535
vn -0.8449 -0.5244 -0.1052
vn -0.9803 -0.1681 -0.1035
vn -0.9803 0.1681 -0.1035
vn -0.8449 0.5244 -0.1052
vn -0.8484 0.5266 -0.0535
vn -0.8495 0.5272 0.0211
vn -0.1691 -0.9856 0.0074
vn 0.1699 -0.9854 0.0069
vn -0.1694 -0.9660 0.1955
vn 0.1720 -0.9659 0.1933
vn -0.5253 -0.8465 -0.0870
vn -0.1683 -0.9820 -0.0856
vn 0.1683 -0.9820 -0.0856
vn 0.5254 -0.8464 -0.0870
vn 0.5282 -0.8491 0.0077
vn 0.5204 -0.8317 0.1936
vn 0.4435 -0.7537 0.4850
vn 0.1672 -0.8396 0.5167
vn -0.1689 -0.8402 0.5153
vn -0.4914 -0.7525 0.4385
vn -0.5208 -0.8315 0.1933
vn -0.5275 -0.8495 0.0083
vn -0.9742 0.1670 -0.1515
vn -0.9742 -0.1670 -0.1515
vn -0.9747 0.1671 -0.1485
vn -0.9747 -0.1671 -0.1485
vn -0.8412 0.5221 -0.1403
vn -0.9762 0.1673 -0.1381
vn -0.9762 -0.1673 -0.1381
vn -0.8412 -0.5221 -0.1403
vn -0.8395 -0.5211 -0.1539
vn -0.8399 -0.5213 -0.1508
vn -0.8423 -0.5228 -0.1314
vn -0.9773 -0.1675 -0.1293
vn -0.9773 0.1675 -0.1293
vn -0.8423 0.5228 -0.1314
vn -0.8399 0.5213 -0.1508
vn -0.8395 0.5211 -0.1539
vn -0.1670 -0.9742 -0.1515
vn 0.1670 -0.9742 -0.1515
vn -0.1671 -0.9747 -0.1485
vn 0.1671 -0.9747 -0.1485
vn -0.5221 -0.8412 -0.1403
vn -0.1673 -0.9762 -0.1381
vn 0.1673 -0.9762 -0.1381
vn 0.5221 -0.8412 -0.1403
vn 0.5211 -0.8395 -0.1539
vn 0.5213 -0.8399 -0.1508
vn 0.5228 -0.8423 -0.1314
vn 0.1675 -0.9773 -0.1293
vn -0.1675 -0.9773 -0.1293
vn -0.5228 -0.8423 -0.1314
vn -0.5213 -0.8399 -0.1508
vn -0.5211 -0.8395 -0.1539
vn 0.9742 -0.1670 -0.1515
vn 0.9742 0.1670 -0.1515
vn 0.9747 -0.1671 -0.1485
vn 0.9747 0.1671 -0.1485
vn 0.8412 -0.5221 -0.1403
vn 0.9762 -0.1673 -0.1381
vn 0.9762 0.1673 -0.1381
vn 0.8412 0.5221 -0.1403
vn 0.8395 0.5211 -0.1539
vn 0.8399 0.5213 -0.1508
vn 0.8423 0.5228 -0.1314
vn 0.9773 0.1675 -0.1293
vn 0.9773 -0.1675 -0.1293
vn 0.8423 -0.5228 -0.1314
vn 0.8399 -0.5213 -0.1508
vn 0.8395 -0.5211 -0.1539
vn -0.1706 0.1674 0.9710
vn -0.1674 -0.1706 0.9710
vn 0.1706 0.1674 0.9710
vn 0.1674 -0.1706 0.9710
vn -0.4435 0.4884 0.7515
vn -0.5196 0.1673 0.8378
vn -0.5198 -0.1672 0.8378
vn -0.4884 -0.4435 0.7515
vn -0.1673 -0.5196 0.8378
vn 0.1673 -0.5196 0.8378
vn 0.4884 -0.4435 0.7515
vn 0.5198 -0.1672 0.8378
vn 0.5196 0.1673 0.8378
vn 0.4435 0.4884 0.7515
vn 0.1672 0.5198 0.8378
vn -0.1672 0.5198 0.8378
vn 0.9856 -0.1691 0.0074
vn 0.9854 0.1699 0.0069
vn 0.9660 -0.1694 0.1955
vn 0.9659 0.1720 0.1933
vn 0.8465 -0.5253 -0.0870
vn 0.9820 -0.1683 -0.0856
vn 0.9820 0.1683 -0.0856
vn 0.8464 0.5254 -0.0870
vn 0.8491 0.5282 0.0077
vn 0.8317 0.5204 0.1936
vn 0.7537 0.4435 0.4850
vn 0.8396 0.1672 0.5167
vn 0.8402 -0.1689 0.5153
vn 0.7525 -0.4914 0.4385
vn 0.8315 -0.5208 0.1933
vn 0.8495 -0.5275 0.0083
vn 0.1691 0.9856 0.0074
vn -0.1699 0.9854 0.0069
vn 0.1694 0.9660 0.1955
vn -0.1720 0.9659 0.1933
vn 0.5253 0.8465 -0.0870
vn 0.1683 0.9820 -0.0856
vn -0.1683 0.9820 -0.0856
vn -0.5254 0.8464 -0.0870
vn -0.5282 0.8491 0.0077
vn -0.5204 0.8317 0.1936
vn -0.4435 0.7537 0.4850
vn -0.1672 0.8396 0.5167
vn 0.1689 0.8402 0.5153
vn 0.4914 0.7525 0.4385
vn 0.5208 0.8315 0.1933
vn 0.5275 0.8495 0.0083
vn -0.9856 0.1691 0.0074
vn -0.9854 -0.1699 0.0069
vn -0.9660 0.1694 0.1955
vn -0.9659 -0.1720 0.1933
vn -0.8465 0.5253 -0.0870
vn -0.9820 0.1683 -0.0856
vn -0.9820 -0.1683 -0.0856
vn -0.8464 -0.5254 -0.0870
vn -0.8491 -0.5282 0.0077
vn -0.8317 -0.5204 0.1936
vn -0.7537 -0.4435 0.4850
vn -0.8396 -0.1672 0.5167
vn -0.8402 0.1689 0.5153
vn -0.7525 0.4914 0.4385
vn -0.8315 0.5208 0.1933
vn -0.8495 0.5275 0.0083
vn 0.1722 0.9645 -0.2002
vn -0.1693 0.9645 -0.2027
vn 0.1700 0.9853 -0.0179
vn -0.1691 0.9854 -0.0185
vn 0.4442 0.7532 -0.4853
vn 0.1675 0.8395 -0.5169
vn -0.1690 0.8400 -0.5156
vn -0.4913 0.7520 -0.4394
vn -0.5201 0.8302 -0.2009
vn -0.5274 0.8494 -0.0197
vn -0.5259 0.8474 0.0735
vn 0.5259 0.8473 0.0735
vn 0.5283 0.8489 -0.0190
vn 0.5201 0.8301 -0.2008
vn -0.9853 -0.1700 -0.0179
vn -0.9854 0.1691 -0.0185
vn -0.9645 -0.1722 -0.2002
vn -0.9645 0.1693 -0.2027
vn -0.8473 -0.5259 0.0735
vn -0.8474 0.5259 0.0735
vn -0.8494 0.5274 -0.0197
vn -0.8302 0.5201 -0.2009
vn -0.7520 0.4913 -0.4394
vn -0.8400 0.1690 -0.5156
vn -0.8395 -0.1675 -0.5169
vn -0.7532 -0.4442 -0.4853
vn -0.8301 -0.5201 -0.2008
vn -0.8489 -0.5283 -0.0190
vn -0.1722 -0.9645 -0.2002
vn 0.1693 -0.9645 -0.2027
vn -0.1700 -0.9853 -0.0179
vn 0.1691 -0.9854 -0.0185
vn -0.4442 -0.7532 -0.4853
vn -0.1675 -0.8395 -0.5169
vn 0.1690 -0.8400 -0.5156
vn 0.4913 -0.7520 -0.4394
vn 0.5201 -0.8302 -0.2009
vn 0.5274 -0.8494 -0.0197
vn 0.5259 -0.8474 0.0735
vn -0.5259 -0.8473 0.0735
vn -0.5283 -0.8489 -0.0190
vn -0.5201 -0.8301 -0.2008
vn 0.9645 -0.1722 -0.2002
vn 0.9645 0.1693 -0.2027
vn 0.9853 -0.1700 -0.0179
vn 0.9854 0.1691 -0.0185
vn 0.7532 -0.4442 -0.4853
vn 0.8395 -0.1675 -0.5169
vn 0.8400 0.1690 -0.5156
vn 0.7520 0.4913 -0.4394
vn 0.8302 0.5201 -0.2009
vn 0.8494 0.5274 -0.0197
vn 0.8474 0.5259 0.0735
vn 0.8473 -0.5259 0.0735
vn 0.8489 -0.5283 -0.0190
vn 0.8301 -0.5201 -0.2008
vn -0.1681 -0.1713 -0.9708
vn -0.1713 0.1681 -0.9708
vn 0.1681 -0.1713 -0.9708
vn 0.1713 0.1681 -0.9708
vn -0.4896 -0.4446 -0.7501
vn -0.5214 -0.1677 -0.8367
vn -0.5213 0.1678 -0.8367
vn -0.4446 0.4896 -0.7501
vn -0.1677 0.5214 -0.8367
vn 0.1677 0.5214 -0.8367
vn 0.4446 0.4896 -0.7501
vn 0.5213 0.1678 -0.8367
vn 0.5214 -0.1677 -0.8367
vn 0.4896 -0.4446 -0.7501
vn 0.1678 -0.5213 -0.8367
vn -0.1678 -0.5213 -0.8367
vn -0.0958 -0.5585 -0.8239
vn 0.2935 -0.4730 -0.8308
vn -0.1251 -0.7298 -0.6721
vn -0.2936 -0.4730 -0.8307
vn -0.9396 0.1611 -0.3020
vn 0.5273 -0.8496 -0.0064
vn 0.8496 0.5274 -0.0064
vn 0.1666 0.9721 0.1649
vn -0.1666 0.9721 0.1649
vn 0.1574 0.9181 -0.3636
vn 0.5585 -0.0958 -0.8239
vn 0.5585 0.0957 -0.8239
vn 0.7372 0.1264 -0.6637
vn 0.4730 0.2935 -0.8307
vn 0.7298 0.1251 -0.6721
vn 0.7299 -0.1251 -0.6721
vn 0.0957 0.5585 -0.8240
vn -0.0957 0.5585 -0.8239
vn -0.2936 0.4729 -0.8308
vn -0.1251 0.7299 -0.6720
vn 0.2935 0.4730 -0.8307
vn 0.2956 0.4763 -0.8281
vn -0.7298 -0.1251 -0.6721
vn -0.4729 0.2936 -0.8307
vn -0.4762 0.2956 -0.8281
vn -0.6423 0.1101 0.7585
vn -0.3890 -0.2415 0.8890
vn -0.3891 0.2415 0.8890
vn -0.9721 0.1666 0.1649
vn -0.9721 -0.1667 0.1649
vn -0.9181 0.1574 -0.3636
vn -0.9181 -0.1574 -0.3636
vn -0.7522 -0.4669 0.4649
vn -0.1667 -0.9721 0.1649
vn 0.1666 -0.9721 0.1649
vn -0.1574 -0.9182 -0.3636
vn 0.1574 -0.9181 -0.3636
vn 0.1501 -0.8756 0.4591
vn 0.9181 -0.1574 -0.3636
vn 0.9182 0.1574 -0.3636
vn 0.8756 0.1501 0.4591
vn 0.8756 -0.1501 0.4592
vn -0.4484 -0.7224 -0.5265
vn -0.1101 -0.6422 0.7586
vn 0.1101 -0.6422 0.7585
vn 0.3405 -0.5485 0.7637
vn 0.2415 -0.3891 0.8890
vn 0.2298 -0.3703 0.9000
vn 0.4570 -0.0783 0.8860
vn 0.5486 -0.3405 0.7636
vn 0.6423 -0.1101 0.7585
vn 0.6422 0.1101 0.7586
vn 0.5485 0.3405 0.7637
vn 0.3703 0.2298 0.9000
vn 0.3891 -0.2415 0.8890
vn 0.3405 0.5486 0.7637
vn 0.1101 0.6422 0.7585
vn -0.1101 0.6423 0.7585
vn -0.2298 0.3703 0.9001
vn 0.2298 0.3703 0.9000
vn -0.0808 0.4715 -0.8781
vn 0.7236 -0.4491 0.5242
vn 0.8430 -0.1445 0.5182
vn 0.8362 -0.5190 0.1769
vn -0.4484 0.7224 -0.5265
vn 0.1443 0.8417 -0.5204
vn 0.4484 0.7224 -0.5264
vn -0.7224 -0.4484 -0.5264
vn -0.8417 -0.1443 -0.5204
vn -0.7224 0.4484 -0.5265
vn -0.4715 0.0808 -0.8782
vn -0.5703 0.0978 -0.8156
vn -0.5703 -0.0978 -0.8156
vn -0.5907 0.3667 -0.7187
vn 0.4865 -0.3019 -0.8199
vn 0.4014 0.2492 -0.8813
vn 0.5907 -0.3667 -0.7187
vn 0.4015 -0.2492 -0.8813
vn -0.6885 -0.1180 0.7156
vn 0.9079 -0.1557 -0.3891
vn 0.9079 0.1556 -0.3891
vn -0.0125 -0.0732 0.9972
vn -0.1180 -0.6885 0.7156
vn 0.1180 -0.6884 0.7156
vn 0.6885 -0.1180 0.7156
vn 0.5886 -0.3654 0.7212
vn 0.1180 0.6884 0.7156
vn -0.5272 0.8495 0.0211
vn 0.5272 0.8494 0.0211
vn -0.1699 -0.9854 0.0069
vn 0.1691 -0.9856 0.0074
vn -0.1720 -0.9659 0.1933
vn 0.1694 -0.9660 0.1955
vn -0.5254 -0.8464 -0.0870
vn 0.5253 -0.8465 -0.0870
vn 0.5275 -0.8495 0.0083
vn 0.5208 -0.8315 0.1933
vn 0.4914 -0.7525 0.4385
vn 0.1689 -0.8402 0.5153
vn -0.1672 -0.8396 0.5167
vn -0.4435 -0.7537 0.4850
vn -0.5204 -0.8317 0.1936
vn -0.5282 -0.8491 0.0077
vn -0.1674 0.1706 0.9710
vn -0.1706 -0.1674 0.9710
vn 0.1674 0.1706 0.9710
vn 0.1706 -0.1674 0.9710
vn -0.4884 0.4435 0.7515
vn -0.5198 0.1672 0.8378
vn -0.5196 -0.1673 0.8378
vn -0.4435 -0.4884 0.7515
vn -0.1672 -0.5198 0.8378
vn 0.1672 -0.5198 0.8378
vn 0.4435 -0.4884 0.7515
vn 0.5196 -0.1673 0.8378
vn 0.5198 0.1672 0.8378
vn 0.4884 0.4435 0.7515
vn 0.1673 0.5196 0.8378
vn -0.1673 0.5196 0.8378
vn 0.9854 -0.1699 0.0069
vn 0.9856 0.1691 0.0074
vn 0.9659 -0.1720 0.1933
vn 0.9660 0.1694 0.1955
vn 0.8464 -0.5254 -0.0870
vn 0.8465 0.5253 -0.0870
vn 0.8495 0.5275 0.0083
vn 0.8315 0.5208 0.1933
vn 0.7525 0.4914 0.4385
vn 0.8402 0.1689 0.5153
vn 0.8396 -0.1672 0.5167
vn 0.7537 -0.4435 0.4850
vn 0.8317 -0.5204 0.1936
vn 0.8491 -0.5282 0.0077
vn 0.1699 0.9854 0.0069
vn -0.1691 0.9856 0.0074
vn 0.1720 0.9659 0.1933
vn -0.1694 0.9660 0.1955
vn 0.5254 0.8464 -0.0870
vn -0.5253 0.8465 -0.0870
vn -0.5275 0.8495 0.0083
vn -0.5208 0.8315 0.1933
vn -0.4914 0.7525 0.4385
vn -0.1689 0.8402 0.5153
vn 0.1672 0.8396 0.5167
vn 0.4435 0.7537 0.4850
vn 0.5204 0.8317 0.1936
vn 0.5282 0.8491 0.0077
vn -0.9854 0.1699 0.0069
vn -0.9856 -0.1691 0.0074
vn -0.9659 0.1721 0.1933
vn -0.9660 -0.1694 0.1955
vn -0.8464 0.5254 -0.0870
vn -0.8465 -0.5253 -0.0870
vn -0.8495 -0.5275 0.0083
vn -0.8315 -0.5208 0.1933
vn -0.7525 -0.4914 0.4385
vn -0.8402 -0.1689 0.5153
vn -0.8396 0.1672 0.5167
vn -0.7537 0.4435 0.4850
vn -0.8317 0.5204 0.1936
vn -0.8491 0.5282 0.0077
usemtl Material
s off
f 381/1/1 385/2/1 384/3/1
f 383/4/2 385/2/2 382/5/2
f 384/3/3 388/6/3 387/7/3
f 386/8/4 388/6/4 385/2/4
f 1/9/5 381/1/5 78/10/5
f 89/11/6 382/5/6 381/1/6
f 87/12/7 382/5/7 88/13/7
f 5/14/8 383/4/8 87/12/8
f 86/15/9 386/8/9 383/4/9
f 85/16/10 389/17/10 386/8/10
f 389/17/11 7/18/11 77/19/11
f 388/6/12 77/19/12 76/20/12
f 388/6/13 75/21/13 387/7/13
f 387/7/14 3/22/14 80/23/14
f 79/24/15 387/7/15 80/23/15
f 78/10/16 384/3/16 79/24/16
f 391/25/17 393/26/17 390/27/17
f 391/25/18 395/28/18 394/29/18
f 394/29/19 396/30/19 393/26/19
f 394/29/20 398/31/20 397/32/20
f 68/33/21 110/34/21 7/35/21
f 67/36/22 390/27/22 68/33/22
f 67/36/23 392/37/23 391/25/23
f 66/38/24 105/39/24 392/37/24
f 392/37/25 106/40/25 395/28/25
f 395/28/26 107/41/26 398/31/26
f 398/31/27 12/42/27 93/43/27
f 397/32/28 93/43/28 94/44/28
f 397/32/29 95/45/29 396/30/29
f 396/30/30 11/46/30 108/47/30
f 393/26/31 108/47/31 109/48/31
f 390/27/32 109/48/32 110/34/32
f 400/49/33 402/50/33 399/51/33
f 400/49/34 404/52/34 403/53/34
f 403/53/35 405/54/35 402/50/35
f 403/53/36 407/55/36 406/56/36
f 8/57/37 399/51/37 59/58/37
f 66/38/38 400/49/38 399/51/38
f 68/33/39 400/49/39 67/36/39
f 7/35/40 401/59/40 68/33/40
f 401/59/41 85/60/41 404/52/41
f 404/52/42 86/61/42 407/55/42
f 407/55/43 5/62/43 72/63/43
f 406/56/44 72/63/44 73/64/44
f 406/56/45 74/65/45 405/54/45
f 405/54/46 6/66/46 57/67/46
f 402/50/47 57/67/47 58/68/47
f 399/51/48 58/68/48 59/58/48
f 408/69/49 412/70/49 411/71/49
f 410/72/50 412/70/50 409/73/50
f 411/71/51 415/74/51 414/75/51
f 413/76/52 415/74/52 412/70/52
f 6/77/53 408/69/53 57/78/53
f 62/79/54 409/73/54 408/69/54
f 60/80/55 409/73/55 61/81/55
f 2/82/56 410/72/56 60/80/56
f 92/83/57 413/76/57 410/72/57
f 91/84/58 416/85/58 413/76/58
f 416/85/59 4/86/59 83/87/59
f 415/74/60 83/87/60 82/88/60
f 415/74/61 81/89/61 414/75/61
f 414/75/62 8/90/62 59/91/62
f 58/92/63 414/75/63 59/91/63
f 57/78/64 411/71/64 58/92/64
f 417/93/65 421/94/65 420/95/65
f 419/96/66 421/94/66 418/97/66
f 420/95/67 424/98/67 423/99/67
f 422/100/68 424/98/68 421/94/68
f 2/82/69 417/93/69 92/83/69
f 65/101/70 418/97/70 417/93/70
f 63/102/71 418/97/71 64/103/71
f 1/9/72 419/96/72 63/102/72
f 78/10/73 422/100/73 419/96/73
f 79/24/74 425/104/74 422/100/74
f 425/104/75 3/22/75 69/105/75
f 424/98/76 69/105/76 70/106/76
f 424/98/77 71/107/77 423/99/77
f 423/99/78 4/86/78 90/108/78
f 91/84/79 423/99/79 90/108/79
f 92/83/80 420/95/80 91/84/80
f 426/109/81 430/110/81 429/111/81
f 428/112/82 430/110/82 427/113/82
f 430/110/83 432/114/83 429/111/83
f 430/110/84 434/115/84 433/116/84
f 6/66/85 426/109/85 62/117/85
f 74/65/86 427/113/86 426/109/86
f 72/63/87 427/113/87 73/64/87
f 5/62/88 428/112/88 72/63/88
f 87/118/89 431/119/89 428/112/89
f 431/119/90 89/120/90 434/115/90
f 434/115/91 1/9/91 63/102/91
f 433/116/92 63/102/92 64/103/92
f 433/116/93 65/101/93 432/114/93
f 432/114/94 2/82/94 60/121/94
f 429/111/95 60/121/95 61/122/95
f 62/117/96 429/111/96 61/122/96
f 436/123/97 438/124/97 435/125/97
f 436/123/98 440/126/98 439/127/98
f 438/124/99 442/128/99 441/129/99
f 440/126/100 442/128/100 439/127/100
f 99/130/101 134/131/101 9/132/101
f 100/133/102 435/125/102 99/130/102
f 100/133/103 437/134/103 436/123/103
f 101/135/104 129/136/104 437/134/104
f 437/134/105 130/137/105 440/126/105
f 130/137/106 443/138/106 440/126/106
f 131/139/107 125/140/107 443/138/107
f 443/138/108 124/141/108 442/128/108
f 441/129/109 124/141/109 123/142/109
f 132/143/110 123/142/110 13/144/110
f 133/145/111 441/129/111 132/143/111
f 435/125/112 133/145/112 134/131/112
f 445/146/113 447/147/113 444/148/113
f 445/146/114 449/149/114 448/150/114
f 448/150/115 450/151/115 447/147/115
f 448/150/116 452/152/116 451/153/116
f 81/89/117 105/154/117 8/90/117
f 82/88/118 444/148/118 81/89/118
f 82/88/119 446/155/119 445/146/119
f 83/87/120 111/156/120 446/155/120
f 446/155/121 112/157/121 449/149/121
f 449/149/122 113/158/122 452/152/122
f 452/152/123 10/159/123 104/160/123
f 451/153/124 104/160/124 103/161/124
f 451/153/125 102/162/125 450/151/125
f 450/151/126 12/163/126 107/164/126
f 447/147/127 107/164/127 106/165/127
f 444/148/128 106/165/128 105/154/128
f 454/166/129 456/167/129 453/168/129
f 454/166/130 458/169/130 457/170/130
f 457/170/131 459/171/131 456/167/131
f 457/170/132 461/172/132 460/173/132
f 75/21/133 116/174/133 3/22/133
f 76/20/134 453/168/134 75/21/134
f 76/20/135 455/175/135 454/166/135
f 77/19/136 110/176/136 455/175/136
f 455/175/137 109/177/137 458/169/137
f 458/169/138 108/178/138 461/172/138
f 461/172/139 11/179/139 101/135/139
f 460/173/140 101/135/140 100/133/140
f 460/173/141 99/130/141 459/171/141
f 459/171/142 9/132/142 114/180/142
f 456/167/143 114/180/143 115/181/143
f 453/168/144 115/181/144 116/174/144
f 463/182/145 465/183/145 462/184/145
f 463/182/146 467/185/146 466/186/146
f 466/186/147 468/187/147 465/183/147
f 466/186/148 470/188/148 469/189/148
f 71/107/149 111/156/149 4/86/149
f 70/106/150 462/184/150 71/107/150
f 70/106/151 464/190/151 463/182/151
f 69/105/152 116/174/152 464/190/152
f 464/190/153 115/181/153 467/185/153
f 467/185/154 114/180/154 470/188/154
f 470/188/155 9/132/155 96/191/155
f 469/189/156 96/191/156 97/192/156
f 469/189/157 98/193/157 468/187/157
f 468/187/158 10/159/158 113/158/158
f 465/183/159 113/158/159 112/157/159
f 462/184/160 112/157/160 111/156/160
f 471/194/161 475/195/161 474/196/161
f 473/197/162 475/195/162 472/198/162
f 474/196/163 478/199/163 477/200/163
f 476/201/164 478/199/164 475/195/164
f 16/202/165 471/194/165 158/203/165
f 126/204/166 472/198/166 471/194/166
f 128/205/167 472/198/167 127/206/167
f 14/207/168 473/197/168 128/205/168
f 153/208/169 476/201/169 473/197/169
f 154/209/170 479/210/170 476/201/170
f 155/211/171 152/212/171 479/210/171
f 479/210/172 151/213/172 478/199/172
f 477/200/173 151/213/173 150/214/173
f 156/215/174 150/214/174 20/216/174
f 157/217/175 477/200/175 156/215/175
f 158/203/176 474/196/176 157/217/176
f 481/218/177 483/219/177 480/220/177
f 481/218/178 485/221/178 484/222/178
f 483/219/179 487/223/179 486/224/179
f 485/221/180 487/223/180 484/222/180
f 95/45/181 129/225/181 11/46/181
f 94/44/182 480/220/182 95/45/182
f 94/44/183 482/226/183 481/218/183
f 93/43/184 135/227/184 482/226/184
f 482/226/185 136/228/185 485/221/185
f 136/228/186 488/229/186 485/221/186
f 137/230/187 117/231/187 488/229/187
f 488/229/188 118/232/188 487/223/188
f 486/224/189 118/232/189 119/233/189
f 131/234/190 119/233/190 15/235/190
f 130/236/191 486/224/191 131/234/191
f 480/220/192 130/236/192 129/225/192
f 490/237/193 492/238/193 489/239/193
f 490/237/194 494/240/194 493/241/194
f 492/238/195 496/242/195 495/243/195
f 494/240/196 496/242/196 493/241/196
f 102/162/197 135/244/197 12/163/197
f 103/161/198 489/239/198 102/162/198
f 103/161/199 491/245/199 490/237/199
f 104/160/200 138/246/200 491/245/200
f 491/245/201 139/247/201 494/240/201
f 139/247/202 497/248/202 494/240/202
f 140/249/203 128/205/203 497/248/203
f 497/248/204 127/206/204 496/242/204
f 495/243/205 127/206/205 126/204/205
f 137/250/206 126/204/206 16/202/206
f 136/251/207 495/243/207 137/250/207
f 489/239/208 136/251/208 135/244/208
f 499/252/209 501/253/209 498/254/209
f 499/252/210 503/255/210 502/256/210
f 501/253/211 505/257/211 504/258/211
f 503/255/212 505/257/212 502/256/212
f 98/193/213 138/246/213 10/159/213
f 97/192/214 498/254/214 98/193/214
f 97/192/215 500/259/215 499/252/215
f 96/191/216 134/131/216 500/259/216
f 500/259/217 133/145/217 503/255/217
f 133/145/218 506/260/218 503/255/218
f 132/143/219 120/261/219 506/260/219
f 506/260/220 121/262/220 505/257/220
f 504/258/221 121/262/221 122/263/221
f 140/249/222 122/263/222 14/207/222
f 139/247/223 504/258/223 140/249/223
f 498/254/224 139/247/224 138/246/224
f 507/264/225 511/265/225 510/266/225
f 509/267/226 511/265/226 508/268/226
f 511/265/227 513/269/227 510/266/227
f 511/265/228 515/270/228 514/271/228
f 17/272/229 507/264/229 182/273/229
f 147/274/230 508/268/230 507/264/230
f 149/275/231 508/268/231 148/276/231
f 19/277/232 509/267/232 149/275/232
f 177/278/233 512/279/233 509/267/233
f 512/279/234 179/280/234 515/270/234
f 515/270/235 23/281/235 173/282/235
f 514/271/236 173/282/236 172/283/236
f 514/271/237 171/284/237 513/269/237
f 513/269/238 21/285/238 180/286/238
f 510/266/239 180/286/239 181/287/239
f 182/273/240 510/266/240 181/287/240
f 516/288/241 520/289/241 519/290/241
f 518/291/242 520/289/242 517/292/242
f 519/290/243 523/293/243 522/294/243
f 521/295/244 523/293/244 520/289/244
f 14/207/245 516/288/245 153/208/245
f 122/263/246 517/292/246 516/288/246
f 120/261/247 517/292/247 121/262/247
f 13/144/248 518/291/248 120/261/248
f 159/296/249 521/295/249 518/291/249
f 160/297/250 524/298/250 521/295/250
f 161/299/251 144/300/251 524/298/251
f 524/298/252 145/301/252 523/293/252
f 522/294/253 145/301/253 146/302/253
f 155/211/254 146/302/254 18/303/254
f 154/209/255 522/294/255 155/211/255
f 153/208/256 519/290/256 154/209/256
f 525/304/257 529/305/257 528/306/257
f 527/307/258 529/305/258 526/308/258
f 528/306/259 532/309/259 531/310/259
f 530/311/260 532/309/260 529/305/260
f 13/144/261 525/304/261 159/296/261
f 123/142/262 526/308/262 525/304/262
f 125/140/263 526/308/263 124/141/263
f 15/312/264 527/307/264 125/140/264
f 162/313/265 530/311/265 527/307/265
f 163/314/266 533/315/266 530/311/266
f 164/316/267 149/275/267 533/315/267
f 533/315/268 148/276/268 532/309/268
f 531/310/269 148/276/269 147/274/269
f 161/299/270 147/274/270 17/272/270
f 160/297/271 531/310/271 161/299/271
f 159/296/272 528/306/272 160/297/272
f 534/317/273 538/318/273 537/319/273
f 536/320/274 538/318/274 535/321/274
f 537/319/275 541/322/275 540/323/275
f 539/324/276 541/322/276 538/318/276
f 15/235/277 534/317/277 162/325/277
f 119/233/278 535/321/278 534/317/278
f 117/231/279 535/321/279 118/232/279
f 16/326/280 536/320/280 117/231/280
f 158/327/281 539/324/281 536/320/281
f 157/328/282 542/329/282 539/324/282
f 156/330/283 141/331/283 542/329/283
f 542/329/284 142/332/284 541/322/284
f 540/323/285 142/332/285 143/333/285
f 164/334/286 143/333/286 19/335/286
f 163/336/287 540/323/287 164/334/287
f 162/325/288 537/319/288 163/336/288
f 544/337/289 546/338/289 543/339/289
f 544/337/290 548/340/290 547/341/290
f 547/341/291 549/342/291 546/338/291
f 547/341/292 551/343/292 550/344/292
f 167/345/293 206/346/293 23/347/293
f 166/348/294 543/339/294 167/345/294
f 166/348/295 545/349/295 544/337/295
f 165/350/296 201/351/296 545/349/296
f 545/349/297 202/352/297 548/340/297
f 548/340/298 203/353/298 551/343/298
f 551/343/299 28/354/299 189/355/299
f 550/344/300 189/355/300 190/356/300
f 550/344/301 191/357/301 549/342/301
f 549/342/302 27/358/302 204/359/302
f 546/338/303 204/359/303 205/360/303
f 543/339/304 205/360/304 206/346/304
f 552/361/305 556/362/305 555/363/305
f 554/364/306 556/362/306 553/365/306
f 556/362/307 558/366/307 555/363/307
f 556/362/308 560/367/308 559/368/308
f 19/335/309 552/361/309 177/369/309
f 143/333/310 553/365/310 552/361/310
f 141/331/311 553/365/311 142/332/311
f 20/370/312 554/364/312 141/331/312
f 183/371/313 557/372/313 554/364/313
f 557/372/314 185/373/314 560/367/314
f 560/367/315 24/374/315 165/350/315
f 559/368/316 165/350/316 166/348/316
f 559/368/317 167/345/317 558/366/317
f 558/366/318 23/347/318 179/375/318
f 555/363/319 179/375/319 178/376/319
f 177/369/320 555/363/320 178/376/320
f 561/377/321 565/378/321 564/379/321
f 563/380/322 565/378/322 562/381/322
f 565/378/323 567/382/323 564/379/323
f 565/378/324 569/383/324 568/384/324
f 20/216/325 561/377/325 183/385/325
f 150/214/326 562/381/326 561/377/326
f 152/212/327 562/381/327 151/213/327
f 18/303/328 563/380/328 152/212/328
f 186/386/329 566/387/329 563/380/329
f 566/387/330 188/388/330 569/383/330
f 569/383/331 22/389/331 176/390/331
f 568/384/332 176/390/332 175/391/332
f 568/384/333 174/392/333 567/382/333
f 567/382/334 24/393/334 185/394/334
f 564/379/335 185/394/335 184/395/335
f 183/385/336 564/379/336 184/395/336
f 570/396/337 574/397/337 573/398/337
f 572/399/338 574/397/338 571/400/338
f 574/397/339 576/401/339 573/398/339
f 574/397/340 578/402/340 577/403/340
f 18/303/341 570/396/341 186/386/341
f 146/302/342 571/400/342 570/396/342
f 144/300/343 571/400/343 145/301/343
f 17/272/344 572/399/344 144/300/344
f 182/273/345 575/404/345 572/399/345
f 575/404/346 180/286/346 578/402/346
f 578/402/347 21/285/347 168/405/347
f 577/403/348 168/405/348 169/406/348
f 577/403/349 170/407/349 576/401/349
f 576/401/350 22/389/350 188/388/350
f 573/398/351 188/388/351 187/408/351
f 186/386/352 573/398/352 187/408/352
f 580/409/353 582/410/353 579/411/353
f 580/409/354 584/412/354 583/413/354
f 582/410/355 586/414/355 585/415/355
f 584/412/356 586/414/356 583/413/356
f 198/416/357 230/417/357 28/418/357
f 199/419/358 579/411/358 198/416/358
f 199/419/359 581/420/359 580/409/359
f 200/421/360 225/422/360 581/420/360
f 581/420/361 226/423/361 584/412/361
f 226/423/362 587/424/362 584/412/362
f 227/425/363 224/426/363 587/424/363
f 587/424/364 223/427/364 586/414/364
f 585/415/365 223/427/365 222/428/365
f 228/429/366 222/428/366 32/430/366
f 229/431/367 585/415/367 228/429/367
f 579/411/368 229/431/368 230/417/368
f 589/432/369 591/433/369 588/434/369
f 589/432/370 593/435/370 592/436/370
f 592/436/371 594/437/371 591/433/371
f 592/436/372 596/438/372 595/439/372
f 174/392/373 201/440/373 24/393/373
f 175/391/374 588/434/374 174/392/374
f 175/391/375 590/441/375 589/432/375
f 176/390/376 207/442/376 590/441/376
f 590/441/377 208/443/377 593/435/377
f 593/435/378 209/444/378 596/438/378
f 596/438/379 26/445/379 200/421/379
f 595/439/380 200/421/380 199/419/380
f 595/439/381 198/416/381 594/437/381
f 594/437/382 28/418/382 203/446/382
f 591/433/383 203/446/383 202/447/383
f 588/434/384 202/447/384 201/440/384
f 598/448/385 600/449/385 597/450/385
f 598/448/386 602/451/386 601/452/386
f 601/452/387 603/453/387 600/449/387
f 601/452/388 605/454/388 604/455/388
f 170/407/389 207/442/389 22/389/389
f 169/406/390 597/450/390 170/407/390
f 169/406/391 599/456/391 598/448/391
f 168/405/392 210/457/392 599/456/392
f 599/456/393 211/458/393 602/451/393
f 602/451/394 212/459/394 605/454/394
f 605/454/395 25/460/395 192/461/395
f 604/455/396 192/461/396 193/462/396
f 604/455/397 194/463/397 603/453/397
f 603/453/398 26/445/398 209/444/398
f 600/449/399 209/444/399 208/443/399
f 597/450/400 208/443/400 207/442/400
f 607/464/401 609/465/401 606/466/401
f 607/464/402 611/467/402 610/468/402
f 610/468/403 612/469/403 609/465/403
f 610/468/404 614/470/404 613/471/404
f 171/284/405 210/457/405 21/285/405
f 172/283/406 606/466/406 171/284/406
f 172/283/407 608/472/407 607/464/407
f 173/282/408 206/473/408 608/472/408
f 608/472/409 205/474/409 611/467/409
f 611/467/410 204/475/410 614/470/410
f 614/470/411 27/476/411 197/477/411
f 613/471/412 197/477/412 196/478/412
f 613/471/413 195/479/413 612/469/413
f 612/469/414 25/460/414 212/459/414
f 609/465/415 212/459/415 211/458/415
f 606/466/416 211/458/416 210/457/416
f 615/480/417 619/481/417 618/482/417
f 617/483/418 619/481/418 616/484/418
f 618/482/419 622/485/419 621/486/419
f 620/487/420 622/485/420 619/481/420
f 29/488/421 615/480/421 254/489/421
f 219/490/422 616/484/422 615/480/422
f 221/491/423 616/484/423 220/492/423
f 31/493/424 617/483/424 221/491/424
f 249/494/425 620/487/425 617/483/425
f 250/495/426 623/496/426 620/487/426
f 251/497/427 245/498/427 623/496/427
f 623/496/428 244/499/428 622/485/428
f 621/486/429 244/499/429 243/500/429
f 252/501/430 243/500/430 33/502/430
f 253/503/431 621/486/431 252/501/431
f 254/489/432 618/482/432 253/503/432
f 625/504/433 627/505/433 624/506/433
f 625/504/434 629/507/434 628/508/434
f 627/505/435 631/509/435 630/510/435
f 629/507/436 631/509/436 628/508/436
f 194/463/437 225/422/437 26/445/437
f 193/462/438 624/506/438 194/463/438
f 193/462/439 626/511/439 625/504/439
f 192/461/440 231/512/440 626/511/440
f 626/511/441 232/513/441 629/507/441
f 232/513/442 632/514/442 629/507/442
f 233/515/443 216/516/443 632/514/443
f 632/514/444 217/517/444 631/509/444
f 630/510/445 217/517/445 218/518/445
f 227/425/446 218/518/446 30/519/446
f 226/423/447 630/510/447 227/425/447
f 624/506/448 226/423/448 225/422/448
f 634/520/449 636/521/449 633/522/449
f 634/520/450 638/523/450 637/524/450
f 636/521/451 640/525/451 639/526/451
f 638/523/452 640/525/452 637/524/452
f 195/479/453 231/512/453 25/460/453
f 196/478/454 633/522/454 195/479/454
f 196/478/455 635/527/455 634/520/455
f 197/477/456 234/528/456 635/527/456
f 635/527/457 235/529/457 638/523/457
f 235/529/458 641/530/458 638/523/458
f 236/531/459 221/491/459 641/530/459
f 641/530/460 220/492/460 640/525/460
f 639/526/461 220/492/461 219/490/461
f 233/515/462 219/490/462 29/488/462
f 232/513/463 639/526/463 233/515/463
f 633/522/464 232/513/464 231/512/464
f 643/532/465 645/533/465 642/534/465
f 643/532/466 647/535/466 646/536/466
f 645/533/467 649/537/467 648/538/467
f 647/535/468 649/537/468 646/536/468
f 191/357/469 234/539/469 27/358/469
f 190/356/470 642/534/470 191/357/470
f 190/356/471 644/540/471 643/532/471
f 189/355/472 230/541/472 644/540/472
f 644/540/473 229/542/473 647/535/473
f 229/542/474 650/543/474 647/535/474
f 228/544/475 213/545/475 650/543/475
f 650/543/476 214/546/476 649/537/476
f 648/538/477 214/546/477 215/547/477
f 236/548/478 215/547/478 31/549/478
f 235/550/479 648/538/479 236/548/479
f 642/534/480 235/550/480 234/539/480
f 651/551/481 655/552/481 654/553/481
f 653/554/482 655/552/482 652/555/482
f 655/552/483 657/556/483 654/553/483
f 655/552/484 659/557/484 658/558/484
f 36/559/485 651/551/485 278/560/485
f 246/561/486 652/555/486 651/551/486
f 248/562/487 652/555/487 247/563/487
f 34/564/488 653/554/488 248/562/488
f 273/565/489 656/566/489 653/554/489
f 656/566/490 275/567/490 659/557/490
f 659/557/491 38/568/491 272/569/491
f 658/558/492 272/569/492 271/570/492
f 658/558/493 270/571/493 657/556/493
f 657/556/494 40/572/494 276/573/494
f 654/553/495 276/573/495 277/574/495
f 278/560/496 654/553/496 277/574/496
f 660/575/497 664/576/497 663/577/497
f 662/578/498 664/576/498 661/579/498
f 663/577/499 667/580/499 666/581/499
f 665/582/500 667/580/500 664/576/500
f 31/549/501 660/575/501 249/583/501
f 215/547/502 661/579/502 660/575/502
f 213/545/503 661/579/503 214/546/503
f 32/584/504 662/578/504 213/545/504
f 255/585/505 665/582/505 662/578/505
f 256/586/506 668/587/506 665/582/506
f 257/588/507 237/589/507 668/587/507
f 668/587/508 238/590/508 667/580/508
f 666/581/509 238/590/509 239/591/509
f 251/592/510 239/591/510 35/593/510
f 250/594/511 666/581/511 251/592/511
f 249/583/512 663/577/512 250/594/512
f 669/595/513 673/596/513 672/597/513
f 671/598/514 673/596/514 670/599/514
f 672/597/515 676/600/515 675/601/515
f 674/602/516 676/600/516 673/596/516
f 32/430/517 669/595/517 255/603/517
f 222/428/518 670/599/518 669/595/518
f 224/426/519 670/599/519 223/427/519
f 30/519/520 671/598/520 224/426/520
f 258/604/521 674/602/521 671/598/521
f 259/605/522 677/606/522 674/602/522
f 260/607/523 248/562/523 677/606/523
f 677/606/524 247/563/524 676/600/524
f 675/601/525 247/563/525 246/561/525
f 257/608/526 246/561/526 36/559/526
f 256/609/527 675/601/527 257/608/527
f 255/603/528 672/597/528 256/609/528
f 678/610/529 682/611/529 681/612/529
f 680/613/530 682/611/530 679/614/530
f 681/612/531 685/615/531 684/616/531
f 683/617/532 685/615/532 682/611/532
f 30/519/533 678/610/533 258/604/533
f 218/518/534 679/614/534 678/610/534
f 216/516/535 679/614/535 217/517/535
f 29/488/536 680/613/536 216/516/536
f 254/489/537 683/617/537 680/613/537
f 253/503/538 686/618/538 683/617/538
f 252/501/539 240/619/539 686/618/539
f 686/618/540 241/620/540 685/615/540
f 684/616/541 241/620/541 242/621/541
f 260/607/542 242/621/542 34/564/542
f 259/605/543 684/616/543 260/607/543
f 258/604/544 681/612/544 259/605/544
f 688/622/545 690/623/545 687/624/545
f 688/622/546 692/625/546 691/626/546
f 691/626/547 693/627/547 690/623/547
f 691/626/548 695/628/548 694/629/548
f 266/630/549 302/631/549 38/568/549
f 265/632/550 687/624/550 266/630/550
f 265/632/551 689/633/551 688/622/551
f 264/634/552 297/635/552 689/633/552
f 689/633/553 298/636/553 692/625/553
f 692/625/554 299/637/554 695/628/554
f 695/628/555 41/638/555 288/639/555
f 694/629/556 288/639/556 289/640/556
f 694/629/557 290/641/557 693/627/557
f 693/627/558 42/642/558 300/643/558
f 690/623/559 300/643/559 301/644/559
f 687/624/560 301/644/560 302/631/560
f 696/645/561 700/646/561 699/647/561
f 698/648/562 700/646/562 697/649/562
f 700/646/563 702/650/563 699/647/563
f 700/646/564 704/651/564 703/652/564
f 34/564/565 696/645/565 273/565/565
f 242/621/566 697/649/566 696/645/566
f 240/619/567 697/649/567 241/620/567
f 33/502/568 698/648/568 240/619/568
f 279/653/569 701/654/569 698/648/569
f 701/654/570 281/655/570 704/651/570
f 704/651/571 37/656/571 264/634/571
f 703/652/572 264/634/572 265/632/572
f 703/652/573 266/630/573 702/650/573
f 702/650/574 38/568/574 275/567/574
f 699/647/575 275/567/575 274/657/575
f 273/565/576 699/647/576 274/657/576
f 705/658/577 709/659/577 708/660/577
f 707/661/578 709/659/578 706/662/578
f 709/659/579 711/663/579 708/660/579
f 709/659/580 713/664/580 712/665/580
f 33/502/581 705/658/581 279/653/581
f 243/500/582 706/662/582 705/658/582
f 245/498/583 706/662/583 244/499/583
f 35/666/584 707/661/584 245/498/584
f 282/667/585 710/668/585 707/661/585
f 710/668/586 284/669/586 713/664/586
f 713/664/587 39/670/587 269/671/587
f 712/665/588 269/671/588 268/672/588
f 712/665/589 267/673/589 711/663/589
f 711/663/590 37/656/590 281/655/590
f 708/660/591 281/655/591 280/674/591
f 279/653/592 708/660/592 280/674/592
f 714/675/593 718/676/593 717/677/593
f 716/678/594 718/676/594 715/679/594
f 718/676/595 720/680/595 717/677/595
f 718/676/596 722/681/596 721/682/596
f 35/593/597 714/675/597 282/683/597
f 239/591/598 715/679/598 714/675/598
f 237/589/599 715/679/599 238/590/599
f 36/684/600 716/678/600 237/589/600
f 278/685/601 719/686/601 716/678/601
f 719/686/602 276/687/602 722/681/602
f 722/681/603 40/688/603 261/689/603
f 721/682/604 261/689/604 262/690/604
f 721/682/605 263/691/605 720/680/605
f 720/680/606 39/692/606 284/693/606
f 717/677/607 284/693/607 283/694/607
f 282/683/608 717/677/608 283/694/608
f 724/695/609 726/696/609 723/697/609
f 724/695/610 728/698/610 727/699/610
f 726/696/611 730/700/611 729/701/611
f 728/698/612 730/700/612 727/699/612
f 291/702/613 326/703/613 41/638/613
f 292/704/614 723/697/614 291/702/614
f 292/704/615 725/705/615 724/695/615
f 293/706/616 321/707/616 725/705/616
f 725/705/617 322/708/617 728/698/617
f 322/708/618 731/709/618 728/698/618
f 323/710/619 317/711/619 731/709/619
f 731/709/620 316/712/620 730/700/620
f 729/701/621 316/712/621 315/713/621
f 324/714/622 315/713/622 45/715/622
f 325/716/623 729/701/623 324/714/623
f 723/697/624 325/716/624 326/703/624
f 733/717/625 735/718/625 732/719/625
f 733/717/626 737/720/626 736/721/626
f 736/721/627 738/722/627 735/718/627
f 736/721/628 740/723/628 739/724/628
f 267/673/629 297/635/629 37/656/629
f 268/672/630 732/719/630 267/673/630
f 268/672/631 734/725/631 733/717/631
f 269/671/632 303/726/632 734/725/632
f 734/725/633 304/727/633 737/720/633
f 737/720/634 305/728/634 740/723/634
f 740/723/635 43/729/635 293/706/635
f 739/724/636 293/706/636 292/704/636
f 739/724/637 291/702/637 738/722/637
f 738/722/638 41/638/638 299/637/638
f 735/718/639 299/637/639 298/636/639
f 732/719/640 298/636/640 297/635/640
f 742/730/641 744/731/641 741/732/641
f 742/730/642 746/733/642 745/734/642
f 745/734/643 747/735/643 744/731/643
f 745/734/644 749/736/644 748/737/644
f 263/691/645 303/738/645 39/692/645
f 262/690/646 741/732/646 263/691/646
f 262/690/647 743/739/647 742/730/647
f 261/689/648 306/740/648 743/739/648
f 743/739/649 307/741/649 746/733/649
f 746/733/650 308/742/650 749/736/650
f 749/736/651 44/743/651 285/744/651
f 748/737/652 285/744/652 286/745/652
f 748/737/653 287/746/653 747/735/653
f 747/735/654 43/747/654 305/748/654
f 744/731/655 305/748/655 304/749/655
f 741/732/656 304/749/656 303/738/656
f 751/750/657 753/751/657 750/752/657
f 751/750/658 755/753/658 754/754/658
f 754/754/659 756/755/659 753/751/659
f 754/754/660 758/756/660 757/757/660
f 270/571/661 306/758/661 40/572/661
f 271/570/662 750/752/662 270/571/662
f 271/570/663 752/759/663 751/750/663
f 272/569/664 302/631/664 752/759/664
f 752/759/665 301/644/665 755/753/665
f 755/753/666 300/643/666 758/756/666
f 758/756/667 42/642/667 296/760/667
f 757/757/668 296/760/668 295/761/668
f 757/757/669 294/762/669 756/755/669
f 756/755/670 44/763/670 308/764/670
f 753/751/671 308/764/671 307/765/671
f 750/752/672 307/765/672 306/758/672
f 759/766/673 763/767/673 762/768/673
f 761/769/674 763/767/674 760/770/674
f 762/768/675 766/771/675 765/772/675
f 764/773/676 766/771/676 763/767/676
f 48/774/677 759/766/677 350/775/677
f 318/776/678 760/770/678 759/766/678
f 320/777/679 760/770/679 319/778/679
f 46/779/680 761/769/680 320/777/680
f 345/780/681 764/773/681 761/769/681
f 346/781/682 767/782/682 764/773/682
f 347/783/683 344/784/683 767/782/683
f 767/782/684 343/785/684 766/771/684
f 765/772/685 343/785/685 342/786/685
f 348/787/686 342/786/686 52/788/686
f 349/789/687 765/772/687 348/787/687
f 350/775/688 762/768/688 349/789/688
f 769/790/689 771/791/689 768/792/689
f 769/790/690 773/793/690 772/794/690
f 771/791/691 775/795/691 774/796/691
f 773/793/692 775/795/692 772/794/692
f 287/746/693 321/797/693 43/747/693
f 286/745/694 768/792/694 287/746/694
f 286/745/695 770/798/695 769/790/695
f 285/744/696 327/799/696 770/798/696
f 770/798/697 328/800/697 773/793/697
f 328/800/698 776/801/698 773/793/698
f 329/802/699 309/803/699 776/801/699
f 776/801/700 310/804/700 775/795/700
f 774/796/701 310/804/701 311/805/701
f 323/806/702 311/805/702 47/807/702
f 322/808/703 774/796/703 323/806/703
f 768/792/704 322/808/704 321/797/704
f 778/809/705 780/810/705 777/811/705
f 778/809/706 782/812/706 781/813/706
f 780/810/707 784/814/707 783/815/707
f 782/812/708 784/814/708 781/813/708
f 294/762/709 327/816/709 44/763/709
f 295/761/710 777/811/710 294/762/710
f 295/761/711 779/817/711 778/809/711
f 296/760/712 330/818/712 779/817/712
f 779/817/713 331/819/713 782/812/713
f 331/819/714 785/820/714 782/812/714
f 332/821/715 320/777/715 785/820/715
f 785/820/716 319/778/716 784/814/716
f 783/815/717 319/778/717 318/776/717
f 329/822/718 318/776/718 48/774/718
f 328/823/719 783/815/719 329/822/719
f 777/811/720 328/823/720 327/816/720
f 787/824/721 789/825/721 786/826/721
f 787/824/722 791/827/722 790/828/722
f 789/825/723 793/829/723 792/830/723
f 791/827/724 793/829/724 790/828/724
f 290/641/725 330/818/725 42/642/725
f 289/640/726 786/826/726 290/641/726
f 289/640/727 788/831/727 787/824/727
f 288/639/728 326/703/728 788/831/728
f 788/831/729 325/716/729 791/827/729
f 325/716/730 794/832/730 791/827/730
f 324/714/731 312/833/731 794/832/731
f 794/832/732 313/834/732 793/829/732
f 792/830/733 313/834/733 314/835/733
f 332/821/734 314/835/734 46/779/734
f 331/819/735 792/830/735 332/821/735
f 786/826/736 331/819/736 330/818/736
f 796/836/737 798/837/737 795/838/737
f 796/836/738 800/839/738 799/840/738
f 799/840/739 801/841/739 798/837/739
f 799/840/740 803/842/740 802/843/740
f 49/844/741 795/838/741 374/845/741
f 339/846/742 796/836/742 795/838/742
f 341/847/743 796/836/743 340/848/743
f 51/849/744 797/850/744 341/847/744
f 797/850/745 370/851/745 800/839/745
f 800/839/746 371/852/746 803/842/746
f 803/842/747 55/853/747 365/854/747
f 802/843/748 365/854/748 364/855/748
f 802/843/749 363/856/749 801/841/749
f 801/841/750 53/857/750 372/858/750
f 798/837/751 372/858/751 373/859/751
f 795/838/752 373/859/752 374/845/752
f 804/860/753 808/861/753 807/862/753
f 806/863/754 808/861/754 805/864/754
f 807/862/755 811/865/755 810/866/755
f 809/867/756 811/865/756 808/861/756
f 46/779/757 804/860/757 345/780/757
f 314/835/758 805/864/758 804/860/758
f 312/833/759 805/864/759 313/834/759
f 45/715/760 806/863/760 312/833/760
f 351/868/761 809/867/761 806/863/761
f 352/869/762 812/870/762 809/867/762
f 353/871/763 336/872/763 812/870/763
f 812/870/764 337/873/764 811/865/764
f 810/866/765 337/873/765 338/874/765
f 347/783/766 338/874/766 50/875/766
f 346/781/767 810/866/767 347/783/767
f 345/780/768 807/862/768 346/781/768
f 813/876/769 817/877/769 816/878/769
f 815/879/770 817/877/770 814/880/770
f 816/878/771 820/881/771 819/882/771
f 818/883/772 820/881/772 817/877/772
f 45/715/773 813/876/773 351/868/773
f 315/713/774 814/880/774 813/876/774
f 317/711/775 814/880/775 316/712/775
f 47/884/776 815/879/776 317/711/776
f 354/885/777 818/883/777 815/879/777
f 355/886/778 821/887/778 818/883/778
f 356/888/779 341/847/779 821/887/779
f 821/887/780 340/848/780 820/881/780
f 819/882/781 340/848/781 339/846/781
f 353/871/782 339/846/782 49/844/782
f 352/869/783 819/882/783 353/871/783
f 351/868/784 816/878/784 352/869/784
f 822/889/785 826/890/785 825/891/785
f 824/892/786 826/890/786 823/893/786
f 825/891/787 829/894/787 828/895/787
f 827/896/788 829/894/788 826/890/788
f 47/807/789 822/889/789 354/897/789
f 311/805/790 823/893/790 822/889/790
f 309/803/791 823/893/791 310/804/791
f 48/898/792 824/892/792 309/803/792
f 350/899/793 827/896/793 824/892/793
f 349/900/794 830/901/794 827/896/794
f 348/902/795 333/903/795 830/901/795
f 830/901/796 334/904/796 829/894/796
f 828/895/797 334/904/797 335/905/797
f 356/906/798 335/905/798 51/907/798
f 355/908/799 828/895/799 356/906/799
f 354/897/800 825/891/800 355/908/800
f 831/909/801 835/910/801 834/911/801
f 833/912/802 835/910/802 832/913/802
f 835/910/803 837/914/803 834/911/803
f 835/910/804 839/915/804 838/916/804
f 54/917/805 831/909/805 368/918/805
f 362/919/806 832/913/806 831/909/806
f 360/920/807 832/913/807 361/921/807
f 53/857/808 833/912/808 360/920/808
f 363/922/809 836/923/809 833/912/809
f 836/923/810 365/924/810 839/915/810
f 839/915/811 55/925/811 359/926/811
f 838/916/812 359/926/812 358/927/812
f 838/916/813 357/928/813 837/914/813
f 837/914/814 56/929/814 366/930/814
f 834/911/815 366/930/815 367/931/815
f 368/918/816 834/911/816 367/931/816
f 841/932/817 843/933/817 840/934/817
f 841/932/818 845/935/818 844/936/818
f 844/936/819 846/937/819 843/933/819
f 844/936/820 848/938/820 847/939/820
f 51/907/821 840/934/821 369/940/821
f 335/905/822 841/932/822 840/934/822
f 333/903/823 841/932/823 334/904/823
f 52/941/824 842/942/824 333/903/824
f 842/942/825 376/943/825 845/935/825
f 845/935/826 377/944/826 848/938/826
f 848/938/827 56/945/827 357/946/827
f 847/939/828 357/946/828 358/947/828
f 847/939/829 359/948/829 846/937/829
f 846/937/830 55/949/830 371/950/830
f 843/933/831 371/950/831 370/951/831
f 840/934/832 370/951/832 369/940/832
f 850/952/833 852/953/833 849/954/833
f 850/952/834 854/955/834 853/956/834
f 853/956/835 855/957/835 852/953/835
f 853/956/836 857/958/836 856/959/836
f 52/788/837 849/954/837 375/960/837
f 342/786/838 850/952/838 849/954/838
f 344/784/839 850/952/839 343/785/839
f 50/875/840 851/961/840 344/784/840
f 851/961/841 379/962/841 854/955/841
f 854/955/842 380/963/842 857/958/842
f 857/958/843 54/917/843 368/964/843
f 856/959/844 368/964/844 367/965/844
f 856/959/845 366/966/845 855/957/845
f 855/957/846 56/967/846 377/968/846
f 852/953/847 377/968/847 376/969/847
f 849/954/848 376/969/848 375/960/848
f 859/970/849 861/971/849 858/972/849
f 859/970/850 863/973/850 862/974/850
f 862/974/851 864/975/851 861/971/851
f 862/974/852 866/976/852 865/977/852
f 50/875/853 858/972/853 378/978/853
f 338/874/854 859/970/854 858/972/854
f 336/872/855 859/970/855 337/873/855
f 49/844/856 860/979/856 336/872/856
f 860/979/857 373/859/857 863/973/857
f 863/973/858 372/858/858 866/976/858
f 866/976/859 53/857/859 360/920/859
f 865/977/860 360/920/860 361/921/860
f 865/977/861 362/919/861 864/975/861
f 864/975/862 54/917/862 380/963/862
f 861/971/863 380/963/863 379/962/863
f 858/972/864 379/962/864 378/978/864
f 381/1/865 382/5/865 385/2/865
f 383/4/866 386/8/866 385/2/866
f 384/3/867 385/2/867 388/6/867
f 386/8/868 389/17/868 388/6/868
f 1/9/869 89/11/869 381/1/869
f 89/11/870 88/13/870 382/5/870
f 87/12/871 383/4/871 382/5/871
f 5/14/872 86/15/872 383/4/872
f 86/15/873 85/16/873 386/8/873
f 85/16/874 84/980/874 389/17/874
f 389/17/875 84/980/875 7/18/875
f 388/6/12 389/17/12 77/19/12
f 388/6/13 76/20/13 75/21/13
f 387/7/876 75/21/876 3/22/876
f 79/24/877 384/3/877 387/7/877
f 78/10/878 381/1/878 384/3/878
f 391/25/17 394/29/17 393/26/17
f 391/25/18 392/37/18 395/28/18
f 394/29/19 397/32/19 396/30/19
f 394/29/20 395/28/20 398/31/20
f 68/33/21 390/27/21 110/34/21
f 67/36/22 391/25/22 390/27/22
f 67/36/23 66/38/23 392/37/23
f 66/38/24 8/57/24 105/39/24
f 392/37/25 105/39/25 106/40/25
f 395/28/26 106/40/26 107/41/26
f 398/31/27 107/41/27 12/42/27
f 397/32/28 398/31/28 93/43/28
f 397/32/29 94/44/29 95/45/29
f 396/30/30 95/45/30 11/46/30
f 393/26/31 396/30/31 108/47/31
f 390/27/32 393/26/32 109/48/32
f 400/49/879 403/53/879 402/50/879
f 400/49/880 401/59/880 404/52/880
f 403/53/881 406/56/881 405/54/881
f 403/53/882 404/52/882 407/55/882
f 8/57/883 66/38/883 399/51/883
f 66/38/38 67/36/38 400/49/38
f 68/33/39 401/59/39 400/49/39
f 7/35/884 84/981/884 401/59/884
f 401/59/885 84/981/885 85/60/885
f 404/52/886 85/60/886 86/61/886
f 407/55/887 86/61/887 5/62/887
f 406/56/888 407/55/888 72/63/888
f 406/56/889 73/64/889 74/65/889
f 405/54/890 74/65/890 6/66/890
f 402/50/891 405/54/891 57/67/891
f 399/51/892 402/50/892 58/68/892
f 408/69/893 409/73/893 412/70/893
f 410/72/894 413/76/894 412/70/894
f 411/71/895 412/70/895 415/74/895
f 413/76/896 416/85/896 415/74/896
f 6/77/897 62/79/897 408/69/897
f 62/79/898 61/81/898 409/73/898
f 60/80/899 410/72/899 409/73/899
f 2/82/900 92/83/900 410/72/900
f 92/83/901 91/84/901 413/76/901
f 91/84/902 90/108/902 416/85/902
f 416/85/903 90/108/903 4/86/903
f 415/74/60 416/85/60 83/87/60
f 415/74/61 82/88/61 81/89/61
f 414/75/904 81/89/904 8/90/904
f 58/92/905 411/71/905 414/75/905
f 57/78/906 408/69/906 411/71/906
f 417/93/907 418/97/907 421/94/907
f 419/96/908 422/100/908 421/94/908
f 420/95/909 421/94/909 424/98/909
f 422/100/910 425/104/910 424/98/910
f 2/82/911 65/101/911 417/93/911
f 65/101/912 64/103/912 418/97/912
f 63/102/913 419/96/913 418/97/913
f 1/9/914 78/10/914 419/96/914
f 78/10/915 79/24/915 422/100/915
f 79/24/916 80/23/916 425/104/916
f 425/104/917 80/23/917 3/22/917
f 424/98/76 425/104/76 69/105/76
f 424/98/77 70/106/77 71/107/77
f 423/99/918 71/107/918 4/86/918
f 91/84/919 420/95/919 423/99/919
f 92/83/920 417/93/920 420/95/920
f 426/109/921 427/113/921 430/110/921
f 428/112/922 431/119/922 430/110/922
f 430/110/923 433/116/923 432/114/923
f 430/110/924 431/119/924 434/115/924
f 6/66/925 74/65/925 426/109/925
f 74/65/926 73/64/926 427/113/926
f 72/63/927 428/112/927 427/113/927
f 5/62/928 87/118/928 428/112/928
f 87/118/929 88/982/929 431/119/929
f 431/119/930 88/982/930 89/120/930
f 434/115/931 89/120/931 1/9/931
f 433/116/932 434/115/932 63/102/932
f 433/116/933 64/103/933 65/101/933
f 432/114/934 65/101/934 2/82/934
f 429/111/935 432/114/935 60/121/935
f 62/117/936 426/109/936 429/111/936
f 436/123/97 439/127/97 438/124/97
f 436/123/98 437/134/98 440/126/98
f 438/124/99 439/127/99 442/128/99
f 440/126/100 443/138/100 442/128/100
f 99/130/101 435/125/101 134/131/101
f 100/133/102 436/123/102 435/125/102
f 100/133/103 101/135/103 437/134/103
f 101/135/104 11/179/104 129/136/104
f 437/134/105 129/136/105 130/137/105
f 130/137/106 131/139/106 443/138/106
f 131/139/107 15/312/107 125/140/107
f 443/138/108 125/140/108 124/141/108
f 441/129/109 442/128/109 124/141/109
f 132/143/110 441/129/110 123/142/110
f 133/145/111 438/124/111 441/129/111
f 435/125/112 438/124/112 133/145/112
f 445/146/113 448/150/113 447/147/113
f 445/146/114 446/155/114 449/149/114
f 448/150/115 451/153/115 450/151/115
f 448/150/116 449/149/116 452/152/116
f 81/89/117 444/148/117 105/154/117
f 82/88/118 445/146/118 444/148/118
f 82/88/119 83/87/119 446/155/119
f 83/87/120 4/86/120 111/156/120
f 446/155/121 111/156/121 112/157/121
f 449/149/122 112/157/122 113/158/122
f 452/152/123 113/158/123 10/159/123
f 451/153/124 452/152/124 104/160/124
f 451/153/125 103/161/125 102/162/125
f 450/151/126 102/162/126 12/163/126
f 447/147/127 450/151/127 107/164/127
f 444/148/128 447/147/128 106/165/128
f 454/166/129 457/170/129 456/167/129
f 454/166/130 455/175/130 458/169/130
f 457/170/131 460/173/131 459/171/131
f 457/170/132 458/169/132 461/172/132
f 75/21/133 453/168/133 116/174/133
f 76/20/134 454/166/134 453/168/134
f 76/20/135 77/19/135 455/175/135
f 77/19/136 7/18/136 110/176/136
f 455/175/137 110/176/137 109/177/137
f 458/169/138 109/177/138 108/178/138
f 461/172/139 108/178/139 11/179/139
f 460/173/140 461/172/140 101/135/140
f 460/173/141 100/133/141 99/130/141
f 459/171/142 99/130/142 9/132/142
f 456/167/143 459/171/143 114/180/143
f 453/168/144 456/167/144 115/181/144
f 463/182/145 466/186/145 465/183/145
f 463/182/146 464/190/146 467/185/146
f 466/186/147 469/189/147 468/187/147
f 466/186/148 467/185/148 470/188/148
f 71/107/149 462/184/149 111/156/149
f 70/106/150 463/182/150 462/184/150
f 70/106/151 69/105/151 464/190/151
f 69/105/152 3/22/152 116/174/152
f 464/190/153 116/174/153 115/181/153
f 467/185/154 115/181/154 114/180/154
f 470/188/155 114/180/155 9/132/155
f 469/189/156 470/188/156 96/191/156
f 469/189/157 97/192/157 98/193/157
f 468/187/158 98/193/158 10/159/158
f 465/183/159 468/187/159 113/158/159
f 462/184/160 465/183/160 112/157/160
f 471/194/937 472/198/937 475/195/937
f 473/197/162 476/201/162 475/195/162
f 474/196/163 475/195/163 478/199/163
f 476/201/164 479/210/164 478/199/164
f 16/202/165 126/204/165 471/194/165
f 126/204/166 127/206/166 472/198/166
f 128/205/167 473/197/167 472/198/167
f 14/207/168 153/208/168 473/197/168
f 153/208/169 154/209/169 476/201/169
f 154/209/938 155/211/938 479/210/938
f 155/211/171 18/303/171 152/212/171
f 479/210/172 152/212/172 151/213/172
f 477/200/939 478/199/939 151/213/939
f 156/215/174 477/200/174 150/214/174
f 157/217/940 474/196/940 477/200/940
f 158/203/176 471/194/176 474/196/176
f 481/218/177 484/222/177 483/219/177
f 481/218/178 482/226/178 485/221/178
f 483/219/179 484/222/179 487/223/179
f 485/221/180 488/229/180 487/223/180
f 95/45/181 480/220/181 129/225/181
f 94/44/182 481/218/182 480/220/182
f 94/44/183 93/43/183 482/226/183
f 93/43/184 12/42/184 135/227/184
f 482/226/185 135/227/185 136/228/185
f 136/228/186 137/230/186 488/229/186
f 137/230/187 16/326/187 117/231/187
f 488/229/188 117/231/188 118/232/188
f 486/224/941 487/223/941 118/232/941
f 131/234/190 486/224/190 119/233/190
f 130/236/191 483/219/191 486/224/191
f 480/220/192 483/219/192 130/236/192
f 490/237/193 493/241/193 492/238/193
f 490/237/194 491/245/194 494/240/194
f 492/238/195 493/241/195 496/242/195
f 494/240/196 497/248/196 496/242/196
f 102/162/197 489/239/197 135/244/197
f 103/161/198 490/237/198 489/239/198
f 103/161/199 104/160/199 491/245/199
f 104/160/200 10/159/200 138/246/200
f 491/245/201 138/246/201 139/247/201
f 139/247/942 140/249/942 497/248/942
f 140/249/203 14/207/203 128/205/203
f 497/248/204 128/205/204 127/206/204
f 495/243/205 496/242/205 127/206/205
f 137/250/206 495/243/206 126/204/206
f 136/251/207 492/238/207 495/243/207
f 489/239/208 492/238/208 136/251/208
f 499/252/209 502/256/209 501/253/209
f 499/252/210 500/259/210 503/255/210
f 501/253/211 502/256/211 505/257/211
f 503/255/212 506/260/212 505/257/212
f 98/193/213 498/254/213 138/246/213
f 97/192/214 499/252/214 498/254/214
f 97/192/215 96/191/215 500/259/215
f 96/191/216 9/132/216 134/131/216
f 500/259/217 134/131/217 133/145/217
f 133/145/943 132/143/943 506/260/943
f 132/143/219 13/144/219 120/261/219
f 506/260/220 120/261/220 121/262/220
f 504/258/221 505/257/221 121/262/221
f 140/249/222 504/258/222 122/263/222
f 139/247/223 501/253/223 504/258/223
f 498/254/224 501/253/224 139/247/224
f 507/264/225 508/268/225 511/265/225
f 509/267/226 512/279/226 511/265/226
f 511/265/944 514/271/944 513/269/944
f 511/265/945 512/279/945 515/270/945
f 17/272/229 147/274/229 507/264/229
f 147/274/946 148/276/946 508/268/946
f 149/275/231 509/267/231 508/268/231
f 19/277/232 177/278/232 509/267/232
f 177/278/233 178/983/233 512/279/233
f 512/279/234 178/983/234 179/280/234
f 515/270/235 179/280/235 23/281/235
f 514/271/236 515/270/236 173/282/236
f 514/271/237 172/283/237 171/284/237
f 513/269/238 171/284/238 21/285/238
f 510/266/239 513/269/239 180/286/239
f 182/273/240 507/264/240 510/266/240
f 516/288/947 517/292/947 520/289/947
f 518/291/948 521/295/948 520/289/948
f 519/290/243 520/289/243 523/293/243
f 521/295/244 524/298/244 523/293/244
f 14/207/245 122/263/245 516/288/245
f 122/263/246 121/262/246 517/292/246
f 120/261/949 518/291/949 517/292/949
f 13/144/248 159/296/248 518/291/248
f 159/296/249 160/297/249 521/295/249
f 160/297/950 161/299/950 524/298/950
f 161/299/251 17/272/251 144/300/251
f 524/298/951 144/300/951 145/301/951
f 522/294/952 523/293/952 145/301/952
f 155/211/254 522/294/254 146/302/254
f 154/209/255 519/290/255 522/294/255
f 153/208/256 516/288/256 519/290/256
f 525/304/953 526/308/953 529/305/953
f 527/307/954 530/311/954 529/305/954
f 528/306/259 529/305/259 532/309/259
f 530/311/260 533/315/260 532/309/260
f 13/144/261 123/142/261 525/304/261
f 123/142/262 124/141/262 526/308/262
f 125/140/263 527/307/263 526/308/263
f 15/312/264 162/313/264 527/307/264
f 162/313/265 163/314/265 530/311/265
f 163/314/955 164/316/955 533/315/955
f 164/316/267 19/277/267 149/275/267
f 533/315/956 149/275/956 148/276/956
f 531/310/269 532/309/269 148/276/269
f 161/299/270 531/310/270 147/274/270
f 160/297/957 528/306/957 531/310/957
f 159/296/958 525/304/958 528/306/958
f 534/317/273 535/321/273 538/318/273
f 536/320/274 539/324/274 538/318/274
f 537/319/275 538/318/275 541/322/275
f 539/324/276 542/329/276 541/322/276
f 15/235/277 119/233/277 534/317/277
f 119/233/278 118/232/278 535/321/278
f 117/231/279 536/320/279 535/321/279
f 16/326/280 158/327/280 536/320/280
f 158/327/281 157/328/281 539/324/281
f 157/328/282 156/330/282 542/329/282
f 156/330/283 20/370/283 141/331/283
f 542/329/959 141/331/959 142/332/959
f 540/323/285 541/322/285 142/332/285
f 164/334/286 540/323/286 143/333/286
f 163/336/960 537/319/960 540/323/960
f 162/325/961 534/317/961 537/319/961
f 544/337/289 547/341/289 546/338/289
f 544/337/290 545/349/290 548/340/290
f 547/341/291 550/344/291 549/342/291
f 547/341/292 548/340/292 551/343/292
f 167/345/293 543/339/293 206/346/293
f 166/348/962 544/337/962 543/339/962
f 166/348/295 165/350/295 545/349/295
f 165/350/296 24/374/296 201/351/296
f 545/349/963 201/351/963 202/352/963
f 548/340/298 202/352/298 203/353/298
f 551/343/299 203/353/299 28/354/299
f 550/344/300 551/343/300 189/355/300
f 550/344/301 190/356/301 191/357/301
f 549/342/302 191/357/302 27/358/302
f 546/338/303 549/342/303 204/359/303
f 543/339/964 546/338/964 205/360/964
f 552/361/305 553/365/305 556/362/305
f 554/364/306 557/372/306 556/362/306
f 556/362/965 559/368/965 558/366/965
f 556/362/966 557/372/966 560/367/966
f 19/335/309 143/333/309 552/361/309
f 143/333/967 142/332/967 553/365/967
f 141/331/968 554/364/968 553/365/968
f 20/370/312 183/371/312 554/364/312
f 183/371/313 184/984/313 557/372/313
f 557/372/314 184/984/314 185/373/314
f 560/367/969 185/373/969 24/374/969
f 559/368/316 560/367/316 165/350/316
f 559/368/317 166/348/317 167/345/317
f 558/366/318 167/345/318 23/347/318
f 555/363/319 558/366/319 179/375/319
f 177/369/320 552/361/320 555/363/320
f 561/377/321 562/381/321 565/378/321
f 563/380/322 566/387/322 565/378/322
f 565/378/970 568/384/970 567/382/970
f 565/378/971 566/387/971 569/383/971
f 20/216/325 150/214/325 561/377/325
f 150/214/972 151/213/972 562/381/972
f 152/212/973 563/380/973 562/381/973
f 18/303/328 186/386/328 563/380/328
f 186/386/329 187/408/329 566/387/329
f 566/387/330 187/408/330 188/388/330
f 569/383/331 188/388/331 22/389/331
f 568/384/974 569/383/974 176/390/974
f 568/384/333 175/391/333 174/392/333
f 567/382/334 174/392/334 24/393/334
f 564/379/335 567/382/335 185/394/335
f 183/385/336 561/377/336 564/379/336
f 570/396/337 571/400/337 574/397/337
f 572/399/338 575/404/338 574/397/338
f 574/397/339 577/403/339 576/401/339
f 574/397/340 575/404/340 578/402/340
f 18/303/341 146/302/341 570/396/341
f 146/302/975 145/301/975 571/400/975
f 144/300/976 572/399/976 571/400/976
f 17/272/344 182/273/344 572/399/344
f 182/273/345 181/287/345 575/404/345
f 575/404/346 181/287/346 180/286/346
f 578/402/347 180/286/347 21/285/347
f 577/403/977 578/402/977 168/405/977
f 577/403/978 169/406/978 170/407/978
f 576/401/350 170/407/350 22/389/350
f 573/398/351 576/401/351 188/388/351
f 186/386/352 570/396/352 573/398/352
f 580/409/353 583/413/353 582/410/353
f 580/409/354 581/420/354 584/412/354
f 582/410/355 583/413/355 586/414/355
f 584/412/356 587/424/356 586/414/356
f 198/416/357 579/411/357 230/417/357
f 199/419/358 580/409/358 579/411/358
f 199/419/359 200/421/359 581/420/359
f 200/421/360 26/445/360 225/422/360
f 581/420/361 225/422/361 226/423/361
f 226/423/362 227/425/362 587/424/362
f 227/425/363 30/519/363 224/426/363
f 587/424/364 224/426/364 223/427/364
f 585/415/365 586/414/365 223/427/365
f 228/429/979 585/415/979 222/428/979
f 229/431/367 582/410/367 585/415/367
f 579/411/368 582/410/368 229/431/368
f 589/432/369 592/436/369 591/433/369
f 589/432/370 590/441/370 593/435/370
f 592/436/371 595/439/371 594/437/371
f 592/436/372 593/435/372 596/438/372
f 174/392/373 588/434/373 201/440/373
f 175/391/980 589/432/980 588/434/980
f 175/391/981 176/390/981 590/441/981
f 176/390/982 22/389/982 207/442/982
f 590/441/983 207/442/983 208/443/983
f 593/435/984 208/443/984 209/444/984
f 596/438/379 209/444/379 26/445/379
f 595/439/380 596/438/380 200/421/380
f 595/439/381 199/419/381 198/416/381
f 594/437/382 198/416/382 28/418/382
f 591/433/383 594/437/383 203/446/383
f 588/434/384 591/433/384 202/447/384
f 598/448/985 601/452/985 600/449/985
f 598/448/386 599/456/386 602/451/386
f 601/452/387 604/455/387 603/453/387
f 601/452/388 602/451/388 605/454/388
f 170/407/986 597/450/986 207/442/986
f 169/406/987 598/448/987 597/450/987
f 169/406/988 168/405/988 599/456/988
f 168/405/989 21/285/989 210/457/989
f 599/456/393 210/457/393 211/458/393
f 602/451/990 211/458/990 212/459/990
f 605/454/395 212/459/395 25/460/395
f 604/455/396 605/454/396 192/461/396
f 604/455/397 193/462/397 194/463/397
f 603/453/398 194/463/398 26/445/398
f 600/449/399 603/453/399 209/444/399
f 597/450/991 600/449/991 208/443/991
f 607/464/401 610/468/401 609/465/401
f 607/464/402 608/472/402 611/467/402
f 610/468/403 613/471/403 612/469/403
f 610/468/404 611/467/404 614/470/404
f 171/284/992 606/466/992 210/457/992
f 172/283/993 607/464/993 606/466/993
f 172/283/994 173/282/994 608/472/994
f 173/282/408 23/281/408 206/473/408
f 608/472/409 206/473/409 205/474/409
f 611/467/995 205/474/995 204/475/995
f 614/470/411 204/475/411 27/476/411
f 613/471/412 614/470/412 197/477/412
f 613/471/413 196/478/413 195/479/413
f 612/469/414 195/479/414 25/460/414
f 609/465/996 612/469/996 212/459/996
f 606/466/416 609/465/416 211/458/416
f 615/480/417 616/484/417 619/481/417
f 617/483/418 620/487/418 619/481/418
f 618/482/419 619/481/419 622/485/419
f 620/487/997 623/496/997 622/485/997
f 29/488/421 219/490/421 615/480/421
f 219/490/422 220/492/422 616/484/422
f 221/491/423 617/483/423 616/484/423
f 31/493/424 249/494/424 617/483/424
f 249/494/425 250/495/425 620/487/425
f 250/495/426 251/497/426 623/496/426
f 251/497/427 35/666/427 245/498/427
f 623/496/428 245/498/428 244/499/428
f 621/486/429 622/485/429 244/499/429
f 252/501/430 621/486/430 243/500/430
f 253/503/431 618/482/431 621/486/431
f 254/489/432 615/480/432 618/482/432
f 625/504/433 628/508/433 627/505/433
f 625/504/434 626/511/434 629/507/434
f 627/505/435 628/508/435 631/509/435
f 629/507/436 632/514/436 631/509/436
f 194/463/998 624/506/998 225/422/998
f 193/462/999 625/504/999 624/506/999
f 193/462/439 192/461/439 626/511/439
f 192/461/440 25/460/440 231/512/440
f 626/511/441 231/512/441 232/513/441
f 232/513/442 233/515/442 632/514/442
f 233/515/443 29/488/443 216/516/443
f 632/514/444 216/516/444 217/517/444
f 630/510/445 631/509/445 217/517/445
f 227/425/446 630/510/446 218/518/446
f 226/423/447 627/505/447 630/510/447
f 624/506/1000 627/505/1000 226/423/1000
f 634/520/449 637/524/449 636/521/449
f 634/520/450 635/527/450 638/523/450
f 636/521/451 637/524/451 640/525/451
f 638/523/452 641/530/452 640/525/452
f 195/479/453 633/522/453 231/512/453
f 196/478/454 634/520/454 633/522/454
f 196/478/455 197/477/455 635/527/455
f 197/477/456 27/476/456 234/528/456
f 635/527/457 234/528/457 235/529/457
f 235/529/458 236/531/458 641/530/458
f 236/531/1001 31/493/1001 221/491/1001
f 641/530/460 221/491/460 220/492/460
f 639/526/1002 640/525/1002 220/492/1002
f 233/515/1003 639/526/1003 219/490/1003
f 232/513/463 636/521/463 639/526/463
f 633/522/464 636/521/464 232/513/464
f 643/532/465 646/536/465 645/533/465
f 643/532/466 644/540/466 647/535/466
f 645/533/467 646/536/467 649/537/467
f 647/535/468 650/543/468 649/537/468
f 191/357/469 642/534/469 234/539/469
f 190/356/470 643/532/470 642/534/470
f 190/356/471 189/355/471 644/540/471
f 189/355/472 28/354/472 230/541/472
f 644/540/473 230/541/473 229/542/473
f 229/542/474 228/544/474 650/543/474
f 228/544/1004 32/584/1004 213/545/1004
f 650/543/1005 213/545/1005 214/546/1005
f 648/538/477 649/537/477 214/546/477
f 236/548/1006 648/538/1006 215/547/1006
f 235/550/479 645/533/479 648/538/479
f 642/534/480 645/533/480 235/550/480
f 651/551/481 652/555/481 655/552/481
f 653/554/482 656/566/482 655/552/482
f 655/552/483 658/558/483 657/556/483
f 655/552/484 656/566/484 659/557/484
f 36/559/485 246/561/485 651/551/485
f 246/561/486 247/563/486 652/555/486
f 248/562/487 653/554/487 652/555/487
f 34/564/488 273/565/488 653/554/488
f 273/565/489 274/657/489 656/566/489
f 656/566/490 274/657/490 275/567/490
f 659/557/491 275/567/491 38/568/491
f 658/558/492 659/557/492 272/569/492
f 658/558/493 271/570/493 270/571/493
f 657/556/494 270/571/494 40/572/494
f 654/553/495 657/556/495 276/573/495
f 278/560/496 651/551/496 654/553/496
f 660/575/497 661/579/497 664/576/497
f 662/578/498 665/582/498 664/576/498
f 663/577/1007 664/576/1007 667/580/1007
f 665/582/500 668/587/500 667/580/500
f 31/549/501 215/547/501 660/575/501
f 215/547/1008 214/546/1008 661/579/1008
f 213/545/1009 662/578/1009 661/579/1009
f 32/584/504 255/585/504 662/578/504
f 255/585/505 256/586/505 665/582/505
f 256/586/506 257/588/506 668/587/506
f 257/588/507 36/684/507 237/589/507
f 668/587/508 237/589/508 238/590/508
f 666/581/509 667/580/509 238/590/509
f 251/592/1010 666/581/1010 239/591/1010
f 250/594/511 663/577/511 666/581/511
f 249/583/512 660/575/512 663/577/512
f 669/595/513 670/599/513 673/596/513
f 671/598/514 674/602/514 673/596/514
f 672/597/515 673/596/515 676/600/515
f 674/602/516 677/606/516 676/600/516
f 32/430/517 222/428/517 669/595/517
f 222/428/518 223/427/518 670/599/518
f 224/426/519 671/598/519 670/599/519
f 30/519/520 258/604/520 671/598/520
f 258/604/521 259/605/521 674/602/521
f 259/605/522 260/607/522 677/606/522
f 260/607/523 34/564/523 248/562/523
f 677/606/524 248/562/524 247/563/524
f 675/601/525 676/600/525 247/563/525
f 257/608/526 675/601/526 246/561/526
f 256/609/527 672/597/527 675/601/527
f 255/603/528 669/595/528 672/597/528
f 678/610/529 679/614/529 682/611/529
f 680/613/530 683/617/530 682/611/530
f 681/612/531 682/611/531 685/615/531
f 683/617/532 686/618/532 685/615/532
f 30/519/1011 218/518/1011 678/610/1011
f 218/518/534 217/517/534 679/614/534
f 216/516/535 680/613/535 679/614/535
f 29/488/536 254/489/536 680/613/536
f 254/489/537 253/503/537 683/617/537
f 253/503/1012 252/501/1012 686/618/1012
f 252/501/539 33/502/539 240/619/539
f 686/618/540 240/619/540 241/620/540
f 684/616/541 685/615/541 241/620/541
f 260/607/1013 684/616/1013 242/621/1013
f 259/605/1014 681/612/1014 684/616/1014
f 258/604/544 678/610/544 681/612/544
f 688/622/545 691/626/545 690/623/545
f 688/622/546 689/633/546 692/625/546
f 691/626/547 694/629/547 693/627/547
f 691/626/1015 692/625/1015 695/628/1015
f 266/630/549 687/624/549 302/631/549
f 265/632/550 688/622/550 687/624/550
f 265/632/551 264/634/551 689/633/551
f 264/634/552 37/656/552 297/635/552
f 689/633/553 297/635/553 298/636/553
f 692/625/554 298/636/554 299/637/554
f 695/628/555 299/637/555 41/638/555
f 694/629/556 695/628/556 288/639/556
f 694/629/557 289/640/557 290/641/557
f 693/627/558 290/641/558 42/642/558
f 690/623/559 693/627/559 300/643/559
f 687/624/560 690/623/560 301/644/560
f 696/645/561 697/649/561 700/646/561
f 698/648/562 701/654/562 700/646/562
f 700/646/563 703/652/563 702/650/563
f 700/646/564 701/654/564 704/651/564
f 34/564/565 242/621/565 696/645/565
f 242/621/1016 241/620/1016 697/649/1016
f 240/619/1017 698/648/1017 697/649/1017
f 33/502/568 279/653/568 698/648/568
f 279/653/569 280/674/569 701/654/569
f 701/654/570 280/674/570 281/655/570
f 704/651/571 281/655/571 37/656/571
f 703/652/572 704/651/572 264/634/572
f 703/652/573 265/632/573 266/630/573
f 702/650/574 266/630/574 38/568/574
f 699/647/575 702/650/575 275/567/575
f 273/565/576 696/645/576 699/647/576
f 705/658/577 706/662/577 709/659/577
f 707/661/578 710/668/578 709/659/578
f 709/659/579 712/665/579 711/663/579
f 709/659/580 710/668/580 713/664/580
f 33/502/581 243/500/581 705/658/581
f 243/500/582 244/499/582 706/662/582
f 245/498/583 707/661/583 706/662/583
f 35/666/584 282/667/584 707/661/584
f 282/667/585 283/985/585 710/668/585
f 710/668/586 283/985/586 284/669/586
f 713/664/587 284/669/587 39/670/587
f 712/665/588 713/664/588 269/671/588
f 712/665/589 268/672/589 267/673/589
f 711/663/590 267/673/590 37/656/590
f 708/660/591 711/663/591 281/655/591
f 279/653/592 705/658/592 708/660/592
f 714/675/593 715/679/593 718/676/593
f 716/678/594 719/686/594 718/676/594
f 718/676/595 721/682/595 720/680/595
f 718/676/596 719/686/596 722/681/596
f 35/593/597 239/591/597 714/675/597
f 239/591/598 238/590/598 715/679/598
f 237/589/599 716/678/599 715/679/599
f 36/684/600 278/685/600 716/678/600
f 278/685/601 277/986/601 719/686/601
f 719/686/602 277/986/602 276/687/602
f 722/681/603 276/687/603 40/688/603
f 721/682/604 722/681/604 261/689/604
f 721/682/605 262/690/605 263/691/605
f 720/680/606 263/691/606 39/692/606
f 717/677/607 720/680/607 284/693/607
f 282/683/608 714/675/608 717/677/608
f 724/695/609 727/699/609 726/696/609
f 724/695/610 725/705/610 728/698/610
f 726/696/611 727/699/611 730/700/611
f 728/698/612 731/709/612 730/700/612
f 291/702/613 723/697/613 326/703/613
f 292/704/614 724/695/614 723/697/614
f 292/704/615 293/706/615 725/705/615
f 293/706/616 43/729/616 321/707/616
f 725/705/617 321/707/617 322/708/617
f 322/708/618 323/710/618 731/709/618
f 323/710/619 47/884/619 317/711/619
f 731/709/620 317/711/620 316/712/620
f 729/701/621 730/700/621 316/712/621
f 324/714/622 729/701/622 315/713/622
f 325/716/623 726/696/623 729/701/623
f 723/697/624 726/696/624 325/716/624
f 733/717/1018 736/721/1018 735/718/1018
f 733/717/626 734/725/626 737/720/626
f 736/721/1019 739/724/1019 738/722/1019
f 736/721/1020 737/720/1020 740/723/1020
f 267/673/629 732/719/629 297/635/629
f 268/672/630 733/717/630 732/719/630
f 268/672/631 269/671/631 734/725/631
f 269/671/632 39/670/632 303/726/632
f 734/725/633 303/726/633 304/727/633
f 737/720/634 304/727/634 305/728/634
f 740/723/635 305/728/635 43/729/635
f 739/724/636 740/723/636 293/706/636
f 739/724/637 292/704/637 291/702/637
f 738/722/638 291/702/638 41/638/638
f 735/718/639 738/722/639 299/637/639
f 732/719/640 735/718/640 298/636/640
f 742/730/641 745/734/641 744/731/641
f 742/730/642 743/739/642 746/733/642
f 745/734/1021 748/737/1021 747/735/1021
f 745/734/644 746/733/644 749/736/644
f 263/691/645 741/732/645 303/738/645
f 262/690/646 742/730/646 741/732/646
f 262/690/647 261/689/647 743/739/647
f 261/689/648 40/688/648 306/740/648
f 743/739/649 306/740/649 307/741/649
f 746/733/650 307/741/650 308/742/650
f 749/736/651 308/742/651 44/743/651
f 748/737/652 749/736/652 285/744/652
f 748/737/653 286/745/653 287/746/653
f 747/735/654 287/746/654 43/747/654
f 744/731/1022 747/735/1022 305/748/1022
f 741/732/656 744/731/656 304/749/656
f 751/750/657 754/754/657 753/751/657
f 751/750/658 752/759/658 755/753/658
f 754/754/1023 757/757/1023 756/755/1023
f 754/754/660 755/753/660 758/756/660
f 270/571/661 750/752/661 306/758/661
f 271/570/662 751/750/662 750/752/662
f 271/570/663 272/569/663 752/759/663
f 272/569/664 38/568/664 302/631/664
f 752/759/665 302/631/665 301/644/665
f 755/753/666 301/644/666 300/643/666
f 758/756/667 300/643/667 42/642/667
f 757/757/668 758/756/668 296/760/668
f 757/757/669 295/761/669 294/762/669
f 756/755/670 294/762/670 44/763/670
f 753/751/671 756/755/671 308/764/671
f 750/752/672 753/751/672 307/765/672
f 759/766/673 760/770/673 763/767/673
f 761/769/674 764/773/674 763/767/674
f 762/768/675 763/767/675 766/771/675
f 764/773/676 767/782/676 766/771/676
f 48/774/677 318/776/677 759/766/677
f 318/776/678 319/778/678 760/770/678
f 320/777/679 761/769/679 760/770/679
f 46/779/680 345/780/680 761/769/680
f 345/780/681 346/781/681 764/773/681
f 346/781/682 347/783/682 767/782/682
f 347/783/683 50/875/683 344/784/683
f 767/782/684 344/784/684 343/785/684
f 765/772/685 766/771/685 343/785/685
f 348/787/686 765/772/686 342/786/686
f 349/789/687 762/768/687 765/772/687
f 350/775/688 759/766/688 762/768/688
f 769/790/689 772/794/689 771/791/689
f 769/790/690 770/798/690 773/793/690
f 771/791/691 772/794/691 775/795/691
f 773/793/692 776/801/692 775/795/692
f 287/746/693 768/792/693 321/797/693
f 286/745/694 769/790/694 768/792/694
f 286/745/695 285/744/695 770/798/695
f 285/744/696 44/743/696 327/799/696
f 770/798/697 327/799/697 328/800/697
f 328/800/698 329/802/698 776/801/698
f 329/802/699 48/898/699 309/803/699
f 776/801/700 309/803/700 310/804/700
f 774/796/701 775/795/701 310/804/701
f 323/806/702 774/796/702 311/805/702
f 322/808/703 771/791/703 774/796/703
f 768/792/704 771/791/704 322/808/704
f 778/809/705 781/813/705 780/810/705
f 778/809/706 779/817/706 782/812/706
f 780/810/707 781/813/707 784/814/707
f 782/812/708 785/820/708 784/814/708
f 294/762/709 777/811/709 327/816/709
f 295/761/710 778/809/710 777/811/710
f 295/761/711 296/760/711 779/817/711
f 296/760/712 42/642/712 330/818/712
f 779/817/1024 330/818/1024 331/819/1024
f 331/819/714 332/821/714 785/820/714
f 332/821/715 46/779/715 320/777/715
f 785/820/716 320/777/716 319/778/716
f 783/815/717 784/814/717 319/778/717
f 329/822/718 783/815/718 318/776/718
f 328/823/719 780/810/719 783/815/719
f 777/811/1025 780/810/1025 328/823/1025
f 787/824/721 790/828/721 789/825/721
f 787/824/722 788/831/722 791/827/722
f 789/825/723 790/828/723 793/829/723
f 791/827/724 794/832/724 793/829/724
f 290/641/725 786/826/725 330/818/725
f 289/640/726 787/824/726 786/826/726
f 289/640/727 288/639/727 788/831/727
f 288/639/728 41/638/728 326/703/728
f 788/831/729 326/703/729 325/716/729
f 325/716/730 324/714/730 794/832/730
f 324/714/731 45/715/731 312/833/731
f 794/832/732 312/833/732 313/834/732
f 792/830/733 793/829/733 313/834/733
f 332/821/734 792/830/734 314/835/734
f 331/819/735 789/825/735 792/830/735
f 786/826/736 789/825/736 331/819/736
f 796/836/1026 799/840/1026 798/837/1026
f 796/836/1027 797/850/1027 800/839/1027
f 799/840/1028 802/843/1028 801/841/1028
f 799/840/1029 800/839/1029 803/842/1029
f 49/844/1030 339/846/1030 795/838/1030
f 339/846/742 340/848/742 796/836/742
f 341/847/743 797/850/743 796/836/743
f 51/849/1031 369/987/1031 797/850/1031
f 797/850/1032 369/987/1032 370/851/1032
f 800/839/1033 370/851/1033 371/852/1033
f 803/842/1034 371/852/1034 55/853/1034
f 802/843/1035 803/842/1035 365/854/1035
f 802/843/1036 364/855/1036 363/856/1036
f 801/841/1037 363/856/1037 53/857/1037
f 798/837/1038 801/841/1038 372/858/1038
f 795/838/1039 798/837/1039 373/859/1039
f 804/860/753 805/864/753 808/861/753
f 806/863/754 809/867/754 808/861/754
f 807/862/755 808/861/755 811/865/755
f 809/867/756 812/870/756 811/865/756
f 46/779/757 314/835/757 804/860/757
f 314/835/758 313/834/758 805/864/758
f 312/833/759 806/863/759 805/864/759
f 45/715/760 351/868/760 806/863/760
f 351/868/761 352/869/761 809/867/761
f 352/869/762 353/871/762 812/870/762
f 353/871/763 49/844/763 336/872/763
f 812/870/764 336/872/764 337/873/764
f 810/866/765 811/865/765 337/873/765
f 347/783/766 810/866/766 338/874/766
f 346/781/767 807/862/767 810/866/767
f 345/780/768 804/860/768 807/862/768
f 813/876/769 814/880/769 817/877/769
f 815/879/770 818/883/770 817/877/770
f 816/878/771 817/877/771 820/881/771
f 818/883/772 821/887/772 820/881/772
f 45/715/773 315/713/773 813/876/773
f 315/713/774 316/712/774 814/880/774
f 317/711/775 815/879/775 814/880/775
f 47/884/776 354/885/776 815/879/776
f 354/885/777 355/886/777 818/883/777
f 355/886/778 356/888/778 821/887/778
f 356/888/779 51/849/779 341/847/779
f 821/887/780 341/847/780 340/848/780
f 819/882/781 820/881/781 340/848/781
f 353/871/782 819/882/782 339/846/782
f 352/869/783 816/878/783 819/882/783
f 351/868/784 813/876/784 816/878/784
f 822/889/785 823/893/785 826/890/785
f 824/892/786 827/896/786 826/890/786
f 825/891/787 826/890/787 829/894/787
f 827/896/788 830/901/788 829/894/788
f 47/807/789 311/805/789 822/889/789
f 311/805/790 310/804/790 823/893/790
f 309/803/791 824/892/791 823/893/791
f 48/898/792 350/899/792 824/892/792
f 350/899/793 349/900/793 827/896/793
f 349/900/794 348/902/794 830/901/794
f 348/902/795 52/941/795 333/903/795
f 830/901/796 333/903/796 334/904/796
f 828/895/797 829/894/797 334/904/797
f 356/906/798 828/895/798 335/905/798
f 355/908/799 825/891/799 828/895/799
f 354/897/800 822/889/800 825/891/800
f 831/909/1040 832/913/1040 835/910/1040
f 833/912/1041 836/923/1041 835/910/1041
f 835/910/1042 838/916/1042 837/914/1042
f 835/910/1043 836/923/1043 839/915/1043
f 54/917/1044 362/919/1044 831/909/1044
f 362/919/1045 361/921/1045 832/913/1045
f 360/920/1046 833/912/1046 832/913/1046
f 53/857/1047 363/922/1047 833/912/1047
f 363/922/1048 364/988/1048 836/923/1048
f 836/923/1049 364/988/1049 365/924/1049
f 839/915/1050 365/924/1050 55/925/1050
f 838/916/1051 839/915/1051 359/926/1051
f 838/916/1052 358/927/1052 357/928/1052
f 837/914/1053 357/928/1053 56/929/1053
f 834/911/1054 837/914/1054 366/930/1054
f 368/918/1055 831/909/1055 834/911/1055
f 841/932/1056 844/936/1056 843/933/1056
f 841/932/1057 842/942/1057 845/935/1057
f 844/936/1058 847/939/1058 846/937/1058
f 844/936/1059 845/935/1059 848/938/1059
f 51/907/1060 335/905/1060 840/934/1060
f 335/905/822 334/904/822 841/932/822
f 333/903/823 842/942/823 841/932/823
f 52/941/1061 375/989/1061 842/942/1061
f 842/942/1062 375/989/1062 376/943/1062
f 845/935/1063 376/943/1063 377/944/1063
f 848/938/1064 377/944/1064 56/945/1064
f 847/939/1065 848/938/1065 357/946/1065
f 847/939/1066 358/947/1066 359/948/1066
f 846/937/1067 359/948/1067 55/949/1067
f 843/933/1068 846/937/1068 371/950/1068
f 840/934/1069 843/933/1069 370/951/1069
f 850/952/1070 853/956/1070 852/953/1070
f 850/952/1071 851/961/1071 854/955/1071
f 853/956/1072 856/959/1072 855/957/1072
f 853/956/1073 854/955/1073 857/958/1073
f 52/788/1074 342/786/1074 849/954/1074
f 342/786/838 343/785/838 850/952/838
f 344/784/839 851/961/839 850/952/839
f 50/875/1075 378/978/1075 851/961/1075
f 851/961/1076 378/978/1076 379/962/1076
f 854/955/1077 379/962/1077 380/963/1077
f 857/958/1078 380/963/1078 54/917/1078
f 856/959/1079 857/958/1079 368/964/1079
f 856/959/1080 367/965/1080 366/966/1080
f 855/957/1081 366/966/1081 56/967/1081
f 852/953/1082 855/957/1082 377/968/1082
f 849/954/1083 852/953/1083 376/969/1083
f 859/970/1084 862/974/1084 861/971/1084
f 859/970/1085 860/979/1085 863/973/1085
f 862/974/1086 865/977/1086 864/975/1086
f 862/974/1087 863/973/1087 866/976/1087
f 50/875/1088 338/874/1088 858/972/1088
f 338/874/854 337/873/854 859/970/854
f 336/872/855 860/979/855 859/970/855
f 49/844/1089 374/845/1089 860/979/1089
f 860/979/1090 374/845/1090 373/859/1090
f 863/973/1091 373/859/1091 372/858/1091
f 866/976/1092 372/858/1092 53/857/1092
f 865/977/1093 866/976/1093 360/920/1093
f 865/977/1094 361/921/1094 362/919/1094
f 864/975/1095 362/919/1095 54/917/1095
f 861/971/1096 864/975/1096 380/963/1096
f 858/972/1097 861/971/1097 379/962/1097
